,lng,lat
珠斯花,119.714615,45.581661
鸭园,126.180374,41.761757
慈利,111.119115,29.417011
阿尔山,119.94766499999999,47.17261
王家营西,102.824844,24.918154
雷州,110.045907,20.919214
汇塘河,106.92326399999999,27.968709999999998
武夷山,118.03046,27.729584999999997
浩良河,129.63523899999998,46.727444
王团庄,103.078079,37.657616
江宁,118.898923,31.936008
达拉特西,109.896271,40.380767999999996
闻喜西,111.179897,35.336657
麻城,114.96364799999999,31.146146
龙口市,120.47781299999998,37.646108
深圳坪山,114.32713799999999,22.708192
长治,113.07055700000001,36.188577
巢湖东,117.92513899999999,31.617859999999997
安广,123.778549,45.575309999999995
安阳东,114.453433,36.084856
黄河景区,123.41946399999999,41.825027
黑旺,118.20886200000001,36.630863
绅坊,120.99202,28.197144
孙家,126.68293,45.6959
石家庄,114.484582,38.01015
梅州,116.130376,24.258116
宽甸,124.781819,40.719885999999995
绥芬河,131.13688100000002,44.406557
依兰,129.56731000000002,46.308314
高碑店东,115.945954,39.288365999999996
驻马店西,113.97876299999999,33.00053
广州东,113.32540300000001,23.150295
赶水,106.711525,28.746315000000003
下马塘,123.73586999999999,41.031760999999996
两家,123.94670900000001,45.527924
舒兰,126.95448200000001,44.407427
锦界,110.15531200000001,38.723606
朝阳湖,106.8161534,30.738111600000003
石桥子,123.72359499999999,41.451534
东方,108.691498,19.088491
石门县北,111.43436200000001,29.599690999999996
武昌,114.31722099999999,30.530359000000004
常德,111.694993,29.070487
中川机场,103.62870799999999,36.492775
梅河口,125.685855,42.535835
通化,125.93958799999999,41.72875
凌源东,119.414943,41.262699
楚山,130.02830500000002,45.118153
云霄,117.361369,23.8912
吐鲁番,88.874824,43.15144
嘉祥,116.358534,35.392737
瑞安,120.581185,27.766955
吉首,109.73548400000001,28.324378999999997
吉新河,122.861524,47.63215
太阳升,124.586472,45.939171
宿松,116.26713525,30.25492475
普安,105.004065,25.509044
滁州北,118.327753,32.308051
海伦,126.99391499999999,47.468112
达家沟,125.82193799999999,44.65852
李旺,106.10271499999999,36.663952
漳浦,117.613808,24.117102
双凤驿,105.140671,29.443167
萍乡,113.84158300000001,27.646644000000002
马林,119.18296799999999,42.274246000000005
邵阳西,111.475646,27.242532
葵潭,115.997932,23.063885
北京东,116.48448700000002,39.9028
芦沟,104.394814,24.956011
康城,114.290749,36.656269
张家界,110.48663300000001,29.104340999999998
金河,121.50081599999999,51.337540000000004
怀化南,109.993276,27.51319
新县,114.88831599999999,31.642484999999997
太仓南,121.15123999999999,31.404490999999997
温江,103.811262,30.692490000000003
三家店,116.120476,39.950480999999996
哈密,93.524036,42.827364
禹城东,116.690261,37.064985
长坡岭,103.945442,24.838484
榆中,105.02349239999998,35.2533742
东莞东,114.03907199999999,22.966863
寿县,116.78714099999999,32.573306
定襄,112.96059299999999,38.478586
营街,104.719788,26.196379
宣城,118.774244,30.947311
恭城,110.87004099999999,24.8305
丹凤,110.35454399999999,33.680479999999996
山丹,101.074682,38.81295
普宁,116.199183,23.267241000000002
道滘,113.674927,23.004402
步行街,103.940392,30.958883
咸丰,109.14126999999999,29.666578
融水,109.24008799999999,25.071273
松滋,111.60713799999999,30.172531
赣州西,114.816419,25.819924
平原,116.439953,37.16967
陈官营,106.141205,39.119083
开封北,114.261521,34.839294
昭山,113.02172900000001,27.961788000000002
阿克陶,75.976511,39.165508
滦河,118.67618600000002,39.838776
金华南,119.738956,29.114425
三都县,107.88046100000001,25.983498
中宁,105.68798600000001,37.493673
大乌苏,124.5129775,51.815094
江油,104.770675,31.780972
榆树沟,125.831696,44.645754
南芬北,123.744624,41.13514
南陵,118.298425,30.836056
普洱渡,104.2574315,28.1964385
武威,102.62399,37.904082
西宁,101.81330799999999,36.620382
大雁,120.55220800000001,49.232239
萧县北,116.941565,34.236406
龙南,114.87749299999999,24.919864
清水县,106.137293,34.749865
福山镇,120.563507,37.400216
宝林,129.979523,45.027714
永修,115.816433,29.020149
怀仁,113.094827,39.828024
前苇塘,117.412521,40.401039000000004
羊者窝,104.275093,24.845907
南尔岗,102.727737,28.935318
巴东,110.345027,31.044771
日照,119.53188300000001,35.40339
上普雄,102.65864599999999,28.461990000000004
延吉西,129.415089,42.903969000000004
乐武,102.62561,28.300451000000002
灯塔,123.317764,41.430268
田心东,114.608414,28.133657
紫阳,108.54935400000001,32.525217
贲红,113.243797,41.311081
湛江西,110.28073300000001,21.215685999999998
徘徊北,114.040939,36.618412
五林,129.79231299999998,44.820896000000005
营山,106.56858100000001,31.064946000000003
织金,105.761395,26.653908
云梦,113.738169,31.021281
天义,119.33766200000001,41.594982
樟木头,114.067719,22.901235999999997
秦岭,106.90518999999999,34.233459
苍石,124.52080500000001,41.987904
金山北,121.089345,30.893528000000003
洛川东,109.431223,35.763321000000005
白音察干,113.185425,41.455448
益阳,112.342248,28.538090000000004
固始,115.66948300000001,31.915028999999997
李家,119.93369299999999,36.742512
白涧,115.288948,39.646488
什里店,113.941666,36.690281
正镶白旗,115.041266,42.281904
文地,110.196991,21.951759
姑家堡,112.624352,40.919857
三原,108.947852,34.605329
双流西,103.918643,30.542728999999998
洋河,118.36788899999999,33.789375
大堡,124.246582,40.545734
青神,103.770167,29.848106
朝阳,120.441654,41.578815999999996
威信,105.058213,27.824927000000002
桑根达来,115.939278,42.675968
白沙铺,115.06311066666666,30.064507666666668
枝城,111.509445,30.271290000000004
包头,109.836919,40.605177000000005
低窝铺,97.24296600000001,40.142712
双子河,128.848206,47.837677
颍上,116.30675600000001,32.739892
将乐,117.47957099999999,26.695496000000002
沙城,115.51623500000001,40.397308
福利区,110.599327,24.825079000000002
横道河子,129.074936,44.814274
德阳,104.389942,31.166209000000002
图们北,129.799927,42.996951
新香坊北,126.90578500000001,45.738064
荆门,112.211674,31.051057
三穗,108.651453,26.965314000000003
南靖,117.373977,24.510101000000002
镇安,109.16951,33.420901
砚川,109.84285,34.064503
阜宁,119.61643400000001,33.594772999999996
灵璧,117.53900300000001,33.600478
大关,103.97956500000001,27.832691999999998
高山子,122.05828899999999,41.555103
北戴河,119.419937,39.85132
张辛,116.68688999999999,40.012226
娄烦,111.85406599999999,38.096764
磐安镇,105.1783525,34.7580715
永寿,108.151816,34.706334999999996
海阳北,120.9614,37.069323
昌图西,124.066546,42.777941
延平,118.45309285714288,26.672430999999996
饮马峡,95.874222,37.323933000000004
老城镇,112.83484949999999,24.8978445
南芬,123.748704,41.102084000000005
杨柳青,117.00228100000001,39.142371999999995
秦家,127.00315900000001,46.798922999999995
衡水北,115.675371,37.772869
乳山,121.50681200000001,36.997316
青州市,118.503522,36.771352
侯马,111.358519,35.613246000000004
大通西,117.06325,32.629913
化处,105.61850700000001,26.208673
孝感,113.928999,30.955039000000003
昆山南,120.95048,31.352656
邳州,117.95895900000001,34.317276
吉林,125.313571,43.881304
邯郸,114.476294,36.602385999999996
园墩,104.313675,37.445209999999996
黄冈西,114.888499,30.503724
六盘山,106.331018,35.7450075
龙爪沟,124.64862099999999,40.819571999999994
枣强,115.738219,37.50447
秦安,105.658693,34.846195
诸城,119.38968899999999,36.062955
西街口,103.524796,24.827187
昭通,103.791238,27.385457000000002
经棚,117.537674,43.273047999999996
济南西,116.89345800000001,36.669284000000005
尔赛河,102.640587,28.397894
黄州,115.00539599999999,30.586184999999997
通渭,105.26294299999999,35.196952
卓资山,112.56211499999999,40.901981
黄磏,106.302376,29.266125
堡子湾,113.280235,40.351040000000005
柯柯,98.255791,36.984417
丰水村,104.745544,36.651333
永济,110.453851,34.869964
罗平,104.31550899999999,24.907567999999998
蒲城,109.559271,34.934878999999995
东明村,121.213551,43.259737
遂溪,110.267118,21.39854
麻城北,114.98456599999999,31.186283000000003
独山,107.54785600000001,25.864513
乐善村,103.156319,25.037354999999998
碱柜,106.76183300000001,39.940903000000006
兰考,114.819185,34.814367
红果,104.463936,25.714804
潮汕,116.58800500000001,23.536369
温根托海,108.239677,41.535412
罗江东,104.53528399999999,31.303531
老莱,125.006523,48.649014
弯坵,102.18364349999999,27.0117975
进贤,116.24656999999999,28.354495
天镇,114.06604399999999,40.452209
鹰潭北,117.038954,28.305503
阳东,110.92214744444445,23.962219888888885
垫江,107.378553,30.307246999999997
满归,122.075043,52.03653
兖州,116.841026,35.555937
定远,117.842114,32.575136
乐昌东,113.395377,25.111665
原平,112.727846,38.719801000000004
五常,127.142873,44.92138
小金口,112.45257674999999,27.42703475
银瓶,113.0294495,27.81146675
南充北,106.07056000000001,30.856768
济南,116.990875,36.670968
桦南,130.583126,46.244254
白旗,117.672348,41.158984999999994
玉门,97.044715,40.27285
峨眉山,103.465602,29.576639
高峰,125.282532,49.069122
大同南,113.27995200000001,39.989759
青岛西,120.332493,36.088521
上万,116.048988,39.829781
德清,120.06047099999999,30.544725
五原,108.04976200000002,40.911583
兴隆镇,117.492798,40.418106
美兰,110.46137,19.941565
永城北,116.520176,34.215128
北海,109.12826799999999,21.453041
拉古,123.820213,41.726532
三源浦,125.76019299999999,42.05584
哈尔盖,100.416786,37.183155
广南卫,102.90262200000001,24.924619999999997
五叉沟,120.307083,46.772678000000006
哈达铺,131.13298,45.345863
合川,106.27778700000002,29.960244
宾西北,127.173302,45.756504
六安,116.499807,31.715071999999996
亳州南,115.79720900000001,33.798711
浮图峪,114.832977,39.366749
阳朔,110.567194,24.960855
蓬莱市,120.758848,37.810660999999996
旗下营南,112.165573,40.983284000000005
山城镇,125.28545133333334,42.312694666666665
临江溪,104.24989024999999,28.13718025
新华屯,124.6667445,46.169294
朝天,105.878723,32.637895
龙山北,109.447267,29.455215000000003
南头,113.920006,22.540859
孙吴,127.32354,49.426421999999995
泰安,117.03528100000001,36.172243
申家店,130.657242,46.595566
阜新南,121.63771399999999,41.987055
曲阜,117.030395,35.582799
广州,113.257295,23.149197
奎山,130.407928,45.228607000000004
黄平,107.90261000000001,26.897804999999998
濮阳,115.024832,35.741448
南江口,112.38071971428572,23.149601714285716
尤溪,118.14174399999999,26.167426000000003
石头,129.337311,44.177753
长城,104.112381,37.290306
林口,130.270226,45.292858
池州,117.52148799999999,30.619663
南城司,115.26306725,39.5591955
窑上,117.40863,40.984303000000004
黄陵,109.356219,35.618824
通道,109.54698999999998,25.6852442
运城,110.99041100000001,35.025662
界山,128.652649,47.016483
平安,127.082599,44.552163
清涧县,109.998324,37.166882
库伦,121.832397,42.739777000000004
榆树屯,122.5336195,45.83736616666666
燕郊,116.82568400000001,39.941711
文昌,110.737571,19.606002
青县,116.83846399999999,38.577615
陆丰,115.733492,22.94839
白云鄂博,106.63375,26.682375
海安,120.470357,32.524869
秦皇岛,119.59200700000001,39.965726000000004
河津,110.72571599999999,35.587381
夏坝,106.513306,29.072917999999998
运城北,110.984146,35.098774
北京大兴,116.34139499999999,39.726929
重庆,106.547952,29.549689
海城,122.743152,40.863268
天门南,113.456372,30.427821999999995
宝拉格,113.147934,41.702354
子长,109.747957,37.15258
鱼卡,94.994949,38.047142
八方,124.78649899999999,48.409168
资中北,104.872441,29.797309999999996
卓资东,112.627375,40.926198
鄯善北,90.196577,42.918238
梁底下,117.62554899999999,41.108303
高谷,108.07370800000001,29.381113
英吉沙,76.419203,39.010937
沁县,112.70518200000001,36.758684
巢湖,117.89108999999999,31.614361
乌奴耳,121.24636100000001,48.872253
富阳,119.923046,30.053477
襄垣,113.035661,36.505969
乌尔旗汗,121.38537600000001,49.566174
长甸,124.811203,40.481739000000005
奈林皋,112.18818700000001,37.572151
界首市,115.37456399999999,33.257013
西渡,112.374702,26.965069
大杖子,118.550385,40.851341
平湖,121.10406200000001,30.6055
打柴沟,102.998962,37.090115000000004
喀什,76.048096,39.492891
阳高,113.73946299999999,40.365532
缙云,120.095244,28.660542
毛坝,107.744949,31.616144
水富,104.418097,28.609539
横道河子东,129.071075,44.818851
新立屯,122.176849,42.020042
丰城东,115.801399,28.195275
司家岭,117.475067,36.238644
核桃园,108.73679399999999,29.475695
夏拉哈马,112.66149899999999,42.759762
都匀东,107.587273,26.166363
莱西,120.51773500000002,36.80976
深井子,123.651855,41.78603
永登,103.273033,36.720746000000005
下社,113.178284,39.149845
承德东,117.990315,40.889129
朝阳南,120.43830200000001,41.520112
白鸡坡,104.806839,26.438189
蓟州北,116.65508550000001,39.9222555
廊坊,116.70906599999999,39.509281
张掖西,100.42804100000001,38.922756
磁窑,117.106071,35.901385999999995
德惠,125.71751699999999,44.533753000000004
本溪,123.758762,41.295322
乃林,119.273453,41.911484
犀浦,103.97242,30.757223
酒泉,98.451991,39.645581
建桥,116.278687,37.941582000000004
霍邱,116.14265900000001,32.054543
灵宝,110.89848400000001,34.509913
俞冲,104.700188,29.217094
百宜,106.98254399999999,26.824854
滨州,118.017523,37.453571000000004
兴文,105.24022,28.29877
贵阳北,106.674333,26.619563
香坊,126.67944399999999,45.721468
泾县,118.41986399999999,30.688578000000003
安顺,105.94406599999999,26.22973
四道湾,119.64033500000001,42.483471
临高南,109.75946699999999,19.867507
铁厂,126.19278,41.734058000000005
南观村,115.996895,39.769257
汉中,107.02995800000001,33.090738
贺家店,104.83448,34.754096999999994
长葛,113.778848,34.214028000000006
烟台南,121.39241799999999,37.432221999999996
海林北,129.399234,44.574342
胜芳,116.717918,39.081959000000005
新场,106.842064,28.292215000000002
文登东,122.25761499999999,37.240894
娄底,112.006534,27.739286
杭州南,120.29318799999999,30.172109000000003
红山,118.944577,42.262346
宏克力,129.857849,46.579433
牟平,121.651218,37.423773
花园,113.978546,31.242527000000003
施家嘴,102.99681899999999,24.955513
宾阳,109.09388100000001,23.215572
石坝,114.595055,23.521545
沈家河,106.268272,36.121037
来凤,109.40468100000001,29.487292
定西,104.625326,35.592531
邢台,114.492695,37.069913
宝清,114.619606,30.619734
商丘南,115.704619,34.408093
宁乡,112.58093400000001,28.289259
南京,118.798225,32.088035999999995
淮南南,116.999932,32.625478
济宁,116.60074499999999,35.392532
马鞍山东,118.54034899999999,31.692535999999997
平山,114.182071,38.267429
白涛,107.50376899999999,29.545678999999996
三阳川,104.005402,37.59087
漯河,114.043144,33.570315
承德,117.954568,40.964667
通天屯,130.546646,45.711887
泗水南,116.56958,35.422618
向塘,115.96106699999999,28.442902
南湖东,120.76425,30.741999999999997
一面坡,128.080185,45.062534
青山,114.42251499999999,30.632354
敦化,128.24178999999998,43.3808
新贤城,109.86261,40.698097
固镇,117.306688,33.316675
临泉,115.28262099999999,33.05318
沙坪坝,106.46123899999999,29.554178000000004
哈拉苏,122.42842900000001,48.116505
重庆南,106.539608,29.495876000000003
乌苏,84.717883,44.408609999999996
荣昌,105.581197,29.394568
宁明,107.072243,22.135473
梧州,111.240264,23.486686
铁岭西,123.672499,42.23287
湟源,101.253208,36.679435999999995
齐齐哈尔,123.995942,47.340275
嫩江,125.248618,49.177833
马踏,103.99675,29.522423
山阴,112.940758,39.466521
常州,119.973947,31.785296999999996
乐东,109.17771200000001,18.744531
化德,114.03890600000001,41.897085
三关口,106.37426799999999,35.678436
乌鲁木齐,87.52958100000001,43.841592999999996
八苏木,112.84830500000001,40.952824
互助,102.550651,36.297556
平等,106.02667199999999,29.099358000000002
河口北,118.516,37.888422999999996
湘潭北,112.942182,27.964924
富拉尔基,123.646697,47.210238000000004
平南南,110.43259099999999,23.418001
黄石北,115.008164,30.211653000000002
灌南,119.28029199999999,34.099033
大足南,105.74574199999999,29.421064
芜湖南,118.402024,31.253296000000002
杜拉尔,90.297302,28.685312
塔崖驿,115.007011,39.428898
观沙岭,93.815186,29.995527000000003
密山,131.872105,45.549741999999995
滨海,119.831014,34.001745
鞍山,122.986108,41.112348
二道湾,120.116591,42.41571999999999
双峰北,112.020772,27.540743
金沟屯,117.517105,41.059803
铁口,102.533745,28.242887
许三湾,99.410515,39.316608
齐哈日格图,112.35850500000001,43.234009
柳河,125.76496499999999,42.28925
黑水,102.99010799999999,32.061895
温州南,120.58513,27.965897
祁阳,111.83187,26.60851
菏泽,115.50619499999999,35.231235
白银市,104.138559,36.544756
含山南,117.934438,31.609503
郑州东,113.779371,34.759051
桃村,121.141769,37.188953000000005
八里甸子,122.75943799999999,40.789814
畲江北,116.16904933333335,28.669064333333335
寒岭,123.56536899999999,41.187129999999996
东京城,129.22479199999998,44.118546
义马,111.91271299999998,34.721160999999995
滁州,118.31986200000001,32.198885
滕州,117.15394599999999,35.080388
镇江南,119.42358700000001,32.152541
安图西,128.894922,43.113594
永嘉,120.69549199999999,28.069487
西斗铺,109.79656200000001,41.220436
瓦房店,122.008904,39.625262
新余,114.93941399999999,27.809603000000003
宁国,118.992375,30.635424
四平,124.37352800000001,43.167715
新窝铺,120.40579199999999,42.713413
草市,125.23490100000001,42.297462
天津西,117.163602,39.158063
张维屯,127.00527199999999,47.062843
沙马拉达,102.566902,28.226136999999998
松树林,124.246559,50.528904
安亭北,121.15858500000002,31.314981
金城江,108.06562,24.699018
西桐古,118.15351899999999,36.562397
谷城,111.60286699999999,32.264614
宁东,106.586197,38.164406
襄阳东,112.22696499999999,32.096552
左岭,114.61003899999999,30.527826
周家,126.67278300000001,45.461665999999994
青龙,118.947033,40.406548
盐津北,104.242349,28.077921999999997
汇流河,120.83096299999998,49.291607
流水沟,117.144379,40.706501
三合庄,116.017113,39.590652
莱阳,120.708923,36.928015
复盛,106.79808,29.653971000000002
三花石,107.963699,33.099185999999996
怀集,112.174636,23.917893
新华,130.284595,47.340199
阳岔,126.244049,41.216801000000004
惠山,120.20193300000001,31.669590999999997
盐池,107.347995,37.734755
新绰源,121.358658,48.336014
武汉,114.425521,30.607088
江油北,104.74587700000001,31.778025
南通,120.86009399999999,32.067777
绍兴北,120.537178,30.100255999999998
朔州,112.448508,39.315718
凉水井,110.561447,28.35043
学庄,107.56973300000001,25.689318
小寺沟,118.645699,40.899516999999996
镇赉,123.19526,45.85818
同心,105.926051,36.993887
李市镇,105.39849099999999,29.314455
宝老山,108.04458600000001,26.812408
黄冈东,114.986447,30.506605
株洲,113.15636,27.835896
达连河,123.59642,41.932869000000004
绕阳河,122.46479,41.795536
金月湾,115.02793899999999,30.043133
元氏,114.54406399999999,37.759518
乌海西,106.738771,39.455278
淮安,119.03383000000001,33.648759999999996
遵义,106.94876000000001,27.703277000000003
郓城,115.90159399999999,35.601708
抚州东,116.615377,28.260379999999998
玉田县,117.734578,39.882222
白沙,108.78994099999998,19.368292
五棵树,126.16055300000001,44.800940999999995
资阳北,104.682417,30.12575
淮南东,117.15008200000001,32.646153000000005
瑞昌,115.67153700000001,29.689534000000002
吉舒,126.802551,44.288154999999996
沂水,118.72772900000001,35.643508000000004
平社,112.596756,38.274609000000005
红岘台,104.83448800000001,34.754101
藁城南,114.861878,37.983378
华蓥,106.78126200000001,30.362909000000002
米沙子,125.477722,44.147892
乌拉特前旗,108.65072099999999,40.712224
阳谷,115.808884,36.101659000000005
吉安,115.021049,27.105404999999998
干塘,104.51949300000001,37.465488
大连北,121.606328,39.016813
林源,124.763016,46.344074
乌兰哈达,113.1666795,41.578901
博白,109.99393,22.231358
建德,119.23173999999999,29.361497999999997
彭州南,103.940265,30.940914000000003
水花,108.28130300000001,26.993591
高邑西,114.58410400000001,37.619040999999996
蚌埠,117.37881499999999,32.943965000000006
达州,107.45313999999999,31.198062
下板城,118.17671200000001,40.774132
伊春,128.927656,47.728788
上海虹桥,121.319321,31.194743
响水县,119.578364,34.199479
兰州新区,103.66677,36.487915
台安,122.430924,41.445726
福清,119.384978,25.675541
永定,116.571431,24.588054
彝良,103.922684,27.506006
郫县西,103.886629,30.808481
奈曼,120.67718500000001,42.841373
东莞西,113.676994,22.906861
大余,114.424625,25.439506
岫岩,123.274974,40.284331
义县西,121.23908,41.533087
安富镇,105.466232,29.339523
旗下营,112.15231299999999,40.975609000000006
石人,115.69146699999999,39.640331
滨海港,120.267789,34.31009
攀枝花,101.851106,26.543295
日喀则,88.915041,29.22089
防城港北,108.37755,21.713938
普雄,102.650032,28.514626
哈尔滨,126.630806,45.760082000000004
南桥,113.682854,27.861241999999997
德清西,119.958184,30.535204999999998
江门东,113.10222399999999,22.559932999999997
衡山,112.887373,27.218642
新民北,122.833155,41.992853000000004
南华,101.283136,25.206446
双流机场,103.956452,30.569169
曹妃甸港,118.461324,39.276258
谷城北,111.50356033333333,32.415056666666665
熊岳城,122.14804099999999,40.181328
揭阳,116.370034,23.570759
大虎山,122.148376,41.613731
湘潭,112.912324,27.875424
柳州,109.38829199999999,24.307873999999998
凤州,106.65506,33.970039
贵定县,107.23288899999999,26.557071
诸暨,120.185597,29.72765
宁德,119.583526,26.669110999999997
超梁沟,117.696053,41.23307
尼木,90.28378000000001,29.328144
枣庄西,117.254253,34.792654999999996
水洞,126.12139099999999,41.77713
刀尔登,119.122643,40.749363
统军庄,116.75313600000001,40.342121
苏集,113.114189,40.899822
娄底南,112.013398,27.663303999999997
上饶,118.006405,28.490278999999997
兴平,108.488771,34.288472999999996
七台河,130.901759,45.811482
焦作,113.234918,35.22188
曹县,115.58182,34.825974
古交,112.16408999999999,37.917588
顺昌,117.816235,26.799961
白狼,120.10797099999999,47.055698
棋子湾,105.90819499999999,29.471462
邛崃,103.48304499999999,30.413144
惠州南,114.492152,22.784778
渭源,104.22612600000001,35.098126
瓦屋山,119.27411699999999,31.558807
武威南,102.737707,37.815298
阿克苏,80.306321,41.145645
襄汾,111.442349,35.880337
光明城,113.953911,22.733006
漠河,122.507676,52.988317
惠安,118.714828,25.057271
东岔,106.57766000000001,34.360882000000004
查干湖,96.948837,37.489452
内乡,111.866174,33.06762
达坂城,88.33129100000001,43.348819
喀左,119.73888600000001,41.125158
水泉,119.164574,41.113194
余姚,121.160379,30.054496999999998
鸡东,131.151501,45.253174
平凉,106.707255,35.550703000000006
成都南,104.06854399999999,30.605364
拉萨,91.069717,29.623144
金昌,102.063135,38.371126000000004
吴堡,110.72358600000001,37.450354
怀柔,116.648854,40.31715
崇信,106.892265,35.311325
任丘,116.144492,38.694689000000004
岩山,121.24740600000001,49.710312
开江,107.801629,30.913771
角美,117.916252,24.534664000000003
城子坦,122.497498,39.509052000000004
东海,118.768377,34.516899
绿博园,113.93279299999999,34.755413
文登,122.12294399999999,37.203333
古城镇,130.351269,45.3450755
霞浦,120.032702,26.909461
瓦窑坝,109.806091,40.739899
楚鲁图,112.60178400000001,42.845734
甘草店,104.297089,35.800171
蔡家崖,120.557755,30.474642
祁县东,112.35744299999999,37.323583
衢州,118.880931,28.924451
临淄北,118.33959399999999,36.905805
南通西,120.76513999999999,32.101138
十堰,110.78161999999999,32.602684
端州,112.513079,23.110718
博克图,121.918526,48.754414000000004
冕宁,102.19249,28.284086
霍州东,111.837052,36.564471000000005
婺源,117.84172099999999,29.260649
永川东,105.949554,29.37112
漳平西,117.41999799999999,25.290185
灵石,111.77108700000001,36.861540999999995
信宜,110.93346799999999,22.355367
荣昌北,105.636351,29.432418
精河南,82.920571,44.606057
田东北,107.14180800000001,23.683425
冠豸山,116.679176,25.524038
雁石南,117.15052800000001,25.24576
丽江,100.25263299999999,26.810657
威岭,129.561798,46.865116
衡阳东,112.70951399999998,26.896639
饶平,116.93297700000001,23.711639
富川,111.361902,24.792494
镜铁山,114.89586200000001,30.212667
加劳,108.00978899999998,26.725296000000004
杨陵,108.078195,34.269036
换新天,133.063538,47.362389
如皋,120.563942,32.398775
南阳,112.51246699999999,32.998912
济源,112.574223,35.110144
兴国,115.318773,26.330202000000003
洮南,122.80878999999999,45.340298
松江河,123.5843024,40.268614
石场,106.41011,29.34425
清原,124.935598,42.104787
唐海南,118.461324,39.276258
平遥古城,112.18188500000001,37.192699
温州,120.685079,27.980794
巨野,116.08788200000001,35.379249
峰高铺,105.673515,29.428455
安仁,113.25716899999999,26.769512
凯里,107.97597900000001,26.602882
黄松甸,127.727875,43.641914
虎林,132.97683700000002,45.765196
遵义南,106.91618799999999,27.654076
岚县,111.671917,38.279299
仙水,118.75849199999999,25.431921
厦门北,118.074013,24.636101
刘征,118.21143300000001,36.697914000000004
打羊,107.57717099999999,25.642324
彭水,108.177636,29.296082000000002
孙镇,109.766075,34.977001
朝中,105.64856,27.36174
树木岭,110.22714199999999,21.998127
赛乌苏,112.1603395,43.465862
卫星,126.64978,42.177402
建昌,116.59392199999999,34.373318499999996
寒葱沟,134.15776100000002,47.971668
东乡,116.626282,28.226768
景泰,104.055941,37.194179
凭祥,106.74281299999998,22.079748000000002
京山,113.137078,31.036699
徐家店,120.93836999999999,30.113474
杨岗,132.288818,45.716759
涟水,119.20160800000001,33.781655
天棚,99.235901,37.239216
三阳,113.58546399999999,28.648495
查布嘎,120.06918300000001,43.8578
自贡,104.791521,29.356451
公主岭南,124.815828,43.472846000000004
芨岭,101.788269,38.530952
晨明,129.48998999999998,46.975262
塘沽,117.64156299999999,39.026852000000005
牛车河,116.54821799999999,29.626573999999998
宁海,121.42031000000001,29.336069000000002
南宁西,107.97463300000001,22.888187
西峡,111.51185500000001,33.270839
胜利镇,112.87478600000001,41.163494
聊城,115.94438799999999,36.457583
乌伊岭,129.571108,48.454651
岱岳,117.041482,36.18875
肃宁,115.85001799999999,38.415177
乌海北,106.779096,39.800676
大朗镇,112.97524299999999,22.759811
越西,102.60347,28.737076000000002
平昌,107.076024,31.552483000000002
洛门,105.024452,34.753265
盘古,123.87928799999999,52.703818999999996
奇峰塔,115.23208600000001,39.490753000000005
鲁山,112.90350600000001,33.74815
原平西,112.674848,38.738561
上海南,121.43160400000001,31.151970000000002
随州南,113.370731,31.653432000000002
城固北,107.30482099999999,33.183684
岐山,107.61291499999999,34.274415000000005
吐鲁番北,89.111008,43.022991999999995
民权,115.140449,34.645374
海宁,120.684898,30.533177000000002
嘉峪关南,98.310337,39.718095
龙岩,117.0067,25.096577
普定,105.71241299999998,26.283241999999998
深圳,114.117768,22.532835000000002
民乐,100.838818,38.473459999999996
锦州,121.140896,41.124466
萨拉齐,110.53220400000001,40.564453
潼关,110.24779,34.535696
永郎,102.2537,27.148581
花土坡,103.84066800000001,27.250061
云彩岭,114.363396,39.448906
长春,125.324537,43.911417
盐津,104.186818,28.0514495
乐清,120.860171,28.0844
阳西,111.625922,21.747196
福海,87.462637,47.122427
凯北,129.469299,43.9470805
顺德,113.27673,22.874813
洛阳,112.436403,34.68547
芜湖北,118.43294099999999,31.352859000000002
完工,118.898018,49.186562
鲅鱼圈,122.094553,40.188072
德保,106.629089,23.345929
禄丰南,102.063775,25.119951
恒地营,124.97022199999999,48.567493
老边,122.368482,40.674796
枣子林,106.104813,28.558975
丰都,107.690649,29.845645
兴福,127.12048300000001,46.690922
陵水,110.03303999999999,18.536058999999998
宿迁,118.284849,33.831621999999996
明水河,120.55244166666667,46.810612666666664
三道营,112.296127,40.992729
迎春,132.952026,46.043296999999995
宾州,127.441994,45.706103999999996
大石头南,91.12706,44.233059000000004
新化,111.30332299999999,27.727805
朝阳地,118.282796,41.996172666666666
营口,122.2658,40.685756
海拉,103.785629,26.800372999999997
二井,126.529327,48.35778
岭南,121.785927,50.211224
新林,124.41243700000001,51.68058
萧县,116.958722,34.169338
低庄,110.71566000000001,28.04925
临沂东,118.356448,35.104671999999994
大坝,105.934265,38.024426
丽水,119.95301,28.441695000000003
杨木,130.342529,45.260760999999995
长征,104.848175,36.723526
烟台,121.382686,37.548519
潞城,113.22223000000001,36.32076
茄子溪,106.50476100000002,29.425606
华容南,113.143325,29.37632
五道河,117.06594799999999,40.89418
西固,103.60378,36.105075
白果,102.604095,28.813571999999997
小市,124.123322,41.310921
平庄北,119.263977,42.045246
开福寺,112.97831299999999,28.224355
三明北,117.80609799999999,26.376019
兰考南,114.824453,34.772197
中山北,113.382747,22.557063
钟祥,112.616279,31.176021000000002
长垣,114.659746,35.210965
潢川,115.102721,32.111323999999996
成都东,104.14267199999999,30.629002000000003
六枝南,104.59457950000001,26.878266
安阳,114.34060500000001,36.104377
三营,106.148315,36.290684000000006
大荔,109.92586999999999,34.834516
鹿寨北,109.654164,24.640406
郴州,113.032981,25.808467
万发屯,127.12123899999999,46.535011
孟家岗,130.660492,46.422641999999996
天津,117.210012,39.137817
博鳌,110.486671,19.135885000000002
西林,129.19311649999997,47.480762999999996
白石岩,102.60781899999999,28.756334000000003
涿州,115.98418799999999,39.48107
郫县,103.886629,30.808481
栟茶,120.880455,32.499767
新晃,109.181018,27.347665999999997
吐列毛杜,120.887901,45.537693
太仓,121.19664399999999,31.510123999999998
六合镇,124.7245865,48.343872
云浮东,112.139113,23.012199
斗沟子,129.261337,43.941185
里木店,126.21433999999999,45.967094
美溪,129.140618,47.636751000000004
泗水,117.260365,35.636368
平房,126.67527,45.585687
高家村,109.79724099999999,40.981215999999996
富裕,124.46045,47.796753
黄石,114.941352,30.153888000000002
延平西,118.0892018367347,26.927568571428566
岢岚,111.58109499999999,38.718571000000004
昆明南,102.861489,24.870437
连云港,119.163899,34.609372
上海西,121.40281,31.262314
陶家屯,124.988777,43.645596000000005
旬阳,109.35333700000001,32.836012
姚家,121.816101,41.387413
洞口,110.611768,27.095121000000002
清河门北,121.65575,42.014588
民族,112.112274,40.909782
阳澄湖,120.86190800000001,31.380606
米易,102.113587,26.875014
樟树,115.576773,28.076912
图强,122.79265600000001,52.932345999999995
丰城南,115.76111000000002,28.06845
沈丘北,115.10705700000001,33.422598
五寨,111.833679,38.917113
坡底下,103.521812,36.142936999999996
韶关东,113.60418100000001,24.794067000000002
常村,113.11310950000001,35.566574
托克托东,110.885298,40.2926075
武义北,119.84961499999999,28.982159999999997
桐梓东,106.836607,28.115766999999998
民福寺,106.47026100000001,29.155116999999997
南堡北,118.291453,39.450261
贵溪,117.215143,28.289538
三间房,123.842773,47.098324
都江堰,103.639061,30.957633
信丰,114.907126,25.397969
鹤壁东,114.298955,35.706592
达布逊,95.36528,36.921993
东津,127.21591200000002,46.740059
松江,121.22776499999999,30.999726000000003
峰洞,107.53991699999999,25.536062
大庆,125.01306000000001,46.598332
渭南,109.49392900000001,34.484727
石泉县,108.247887,33.038408000000004
锡林浩特,116.027709,43.919149
陆良,103.69769699999999,24.846744
洪洞西,111.58117299999999,36.253225
加格达奇,124.12678500000001,50.420347
凤县,106.506045,33.904952
大柴旦,121.667778,29.927992
无为南,117.91869299999999,31.282905
湖口,116.284728,29.729201
阿贵图,113.141479,41.784073
十渡,115.589722,39.64711
王场,104.678368,29.068848
大庆西,124.886172,46.656914
会同,109.73566100000001,26.887239
金州,121.72662700000001,39.088389
辰溪,110.25558400000001,27.878621999999996
张家口,114.88864699999999,40.813901
山市,129.100922,44.578709
褚家湾,106.120056,36.4063
横峰,117.60131299999999,28.413321999999997
平洋,123.541367,46.598079999999996
蒙山,110.51936,24.1997
开阳,106.974296,27.041307
王安镇,114.93621100000001,39.401855
东胜西,109.87740600000001,39.724571000000005
赫尔洪得,118.466499,49.20187
万乐,126.463577,45.885532
大屯,125.16458100000001,43.780445
滴道,130.833456,45.346107
吕梁,111.137717,37.567993
安塘,111.70819099999999,38.815819
玉溪,102.527034,24.352593
会昌北,115.78520800000001,25.826862
邓州,112.070626,32.68376
四分滩,107.71091499999999,40.870235
达拉滨,124.789185,49.665611
墨玉,79.732979,37.222649
白沟,116.024239,39.120583
无锡,120.30691000000002,31.588013
绥德,110.26183600000002,37.546395000000004
阜宁东,119.93851699999999,33.799299
古北口,117.141953,40.69212
道州,111.56979399999999,25.515585
淮北,116.802749,33.966874
赶水东,106.720978,28.739864
马莲河,129.20521499999998,44.019985
朱砂古镇,114.55341299999999,34.539265
佛岭,130.578934,45.626671
孝西,108.602997,34.140003
潮阳,116.42212099999999,23.38106
阿尔山北,119.809541,47.284001
新阳镇,105.54109199999999,34.707012
临泽南,100.125077,39.134232
广州北,113.20379399999999,23.377405
台山,113.08552900000001,22.619241
高头,124.07874299999999,47.420074
保定,115.47877,38.863234000000006
苇河,128.38055400000002,44.952213
潼南,105.878231,30.219136
香樟路,114.41386399999999,30.498628999999998
内江,105.037875,29.587884000000003
泥溪,116.887054,29.765815999999997
红光镇,103.944214,30.771434999999997
双丰,127.76096299999999,46.973663
醴陵,113.51328799999999,27.668419
伊图里河,121.552109,50.628471000000005
虎山,130.630096,45.575096
杨村,117.06471299999998,39.355251
拉白,102.636589,28.574276
背荫河,126.99859599999999,45.171143
青岛北,120.37466299999998,36.168986
融安,109.413182,25.214809
陇西,104.70465,34.95187
巴日图,97.959808,30.274364000000002
怀仁东,113.16361299999998,39.793818
威海北,122.048102,37.496406
洛碛,106.930679,29.727762
乌龙泉南,111.229077,28.691816666666668
鄠邑,107.9251252,33.6289982
威舍,104.742882,25.279816
都格,104.697777,26.358362
新晃西,109.12647199999999,27.380253999999997
鄂州东,114.94766499999999,30.361134999999997
始兴,114.07606899999999,24.96636
商河,117.09318600000002,37.435757
金杖子,119.50498999999999,40.885395
赤壁北,113.900378,29.735605
吴家屯,123.451714,41.631744
瓦拉干,124.546776,52.589687
伊宁,81.277971,43.967307
泰和,114.949378,26.831531
东明县,115.089905,35.289367999999996
清水北,98.871708,39.57177933333333
定西北,104.585697,35.606252000000005
涉县,113.66852800000001,36.577372
邯郸东,114.559151,36.61975
八仙筒,121.063004,43.202175
常州北,119.95542900000001,31.853399
虎尔虎拉,123.550972,47.247787
义乌,120.04338600000001,29.377875
红寺堡,106.065496,37.448615999999994
分宜,114.66354399999999,27.805934000000004
阿金,121.754883,42.043633
鄱阳,116.68018899999998,29.001568
莲江口,130.19723666666667,46.963876
松河,104.622849,26.03162
马鞍山,118.50241000000001,31.707311999999998
大杨树,124.60925300000001,49.748798
霍尔果斯,81.277971,43.967307
香兰,129.757858,46.652233
布海,125.62901299999999,44.382778
阿城北,126.975447,45.537872
玉泉,124.11513074999999,43.590717500000004
白文东,111.114182,38.16898
文水,112.028866,37.438102
陆川,110.257586,22.309828
漳县,104.471572,34.848444
常平东,112.939995,35.240241999999995
塔尔根,124.721832,52.242199
南昌西,115.792875,28.622904
松原,124.8173,45.109489
甘河,123.059044,50.629314
神木,110.48768100000001,38.861335
蜀河,109.681992,32.905228
南宁东,108.413702,22.842626
兴凯,132.07394399999998,45.704365
黑台,131.62385600000002,45.410336
玉屏,108.933752,27.238792
重庆北,106.55110800000001,29.609773999999998
册亨,105.96172633333333,24.445581
呼和浩特东,111.76624699999999,40.849792
纳雍,105.37328799999999,26.75569
阿拉山口,82.57306,45.170898
新安县,112.15410200000001,34.718338
万源,108.042949,32.083445000000005
绣峰,124.60635400000001,52.494595
虎什哈,116.996948,40.862293
福鼎,120.18923799999999,27.282434999999996
塔哈,124.23319199999999,47.552422
金钟,104.150848,34.807423
新天,124.214973,51.212009
青铜峡,105.93221899999999,37.918421
瑞金,116.055679,25.863932000000002
忠工屯,121.766251,48.624598999999996
邵阳北,111.50431599999999,27.573319
略阳,106.145559,33.331746
平邑,117.64371100000001,35.516563
绍兴,120.578824,30.0138
黄山北,118.27273799999999,29.815563
金刚沱,106.10985600000001,29.142753999999996
泉阳,127.54068000000001,42.339667999999996
阿城,126.994745,45.552334
太平镇,121.73114,42.00378
莆田,119.06326200000001,25.349852
冯屯,124.13034099999999,47.464703
公积坂,110.36692,40.558571
茨冲,105.108795,26.491847999999997
绥中北,120.32388300000001,40.348493
东港北,124.130677,39.910361
鹤山,113.083106,22.617986
康金井,126.81713899999998,46.196625
阿寨,96.415115,32.379871
奎屯,84.900175,44.402596
商都,113.558016,41.580517
下花园,115.28015,40.486623
松江南,121.22971499999998,30.983859000000002
方正,127.385225,46.178108
中卫,105.190614,37.521840000000005
小白,128.715057,46.971199
徽县,106.08778000000001,33.768826000000004
剑门关,116.03743700000001,23.600676
石林西,103.24274,24.657093
庙城,116.62278700000002,40.28862
饶阳,115.716879,38.237435
白河,110.099616,32.833118
珲春,129.607508,42.95046000000001
嘉善,120.918373,30.850037
成都西,103.98010500000001,30.684222
富锦,132.046291,47.23753
古田会址,118.744005,26.574403000000004
揭阳南,116.20058200000001,23.460242
温春,129.501328,44.435417
乾县,108.239473,34.527551
千河,107.299805,34.386024
宏庆,106.42694099999999,33.848644
月亮田,104.498749,25.925107999999998
确山,114.036271,32.801943
宜州,108.599997,24.259526
福田,114.057004,22.538171
抚顺北,123.918522,41.888746999999995
克东,126.255427,47.989465
归流河,121.739143,46.205878999999996
正定机场,114.709946,38.252234
卢龙,118.98408400000001,39.952771999999996
鼎湖山,112.586421,23.173773
黄羊镇,103.16729000000001,36.190327
贵阳,106.70240600000001,26.556865000000002
北票,121.0397055,41.783024499999996
小河镇,109.157074,33.111855
株洲西,113.06990800000001,27.790945
溆浦,110.577767,27.925646
八虎力,130.646194,46.334990999999995
漳州,117.716725,24.457501999999998
丰顺东,116.187747,23.812056
乌固诺尔,119.32766699999999,49.153877
商洛,109.941883,33.856808
盘锦北,121.80797,41.336096000000005
延吉,129.497129,42.886522
包头西,109.751581,40.611732
三义井,120.251221,42.700825
桐乡,120.550501,30.649070000000002
日照西,119.420097,35.390972
牛河梁,116.24443799999999,39.313133
毛坝关,108.251221,32.342133000000004
新化南,111.16003700000002,27.655969
青堆,123.260796,39.829956
贵定,107.22795500000001,26.581429999999997
景州,116.272995,37.691872
三江口,123.88282000000001,43.313419999999994
高台南,99.769366,39.294983
王府,125.010178,44.875877
江山,118.644028,28.771532
景德镇,117.222334,29.285587
酒泉南,98.535421,39.702259999999995
莱芜东,117.69390200000001,36.229217999999996
阜阳,115.86698700000001,32.914545000000004
石城,115.33238700000001,26.179432000000002
巴林,122.33389299999999,48.315174
颍上北,116.73651025000001,32.50786
盘锦,122.062275,41.197204
当雄,91.106055,30.472121
保定东,115.60125900000001,38.864107000000004
武山,104.91977,34.721087
营口东,122.427178,40.625482
盖州,122.3337,40.419377000000004
北屯市,87.82493199999999,47.353177
侯马西,111.28924099999999,35.601487
横江,113.73568700000001,27.677288
临湘,113.484109,29.474553000000004
井店,113.722412,36.604771
劲松,116.450668,39.882647999999996
韶山南,112.54708799999999,27.888132000000002
燕家庄,117.27578700000001,36.194171999999995
砀山南,116.30327,34.386209
狮山,112.95646699999999,23.114594
明珠,113.514977,22.268728
龙洞堡,106.365402,32.127959999999995
内江北,105.083754,29.608962
荣成,122.40876899999999,37.144833
芦台,117.84479499999999,39.329258
宝龙山,122.55408566666665,43.361217333333336
昭通南,103.813002,27.328374
广州南,113.26708,22.988342000000003
洪河,125.49095200000001,45.983771999999995
大西,130.582031,45.843922
公庙子,108.96446200000001,40.624728999999995
呼兰,126.646588,45.998145
海宁西,120.39156000000001,30.438903000000003
柏果,104.503342,26.000961
德日斯图,112.94525900000001,42.339096000000005
大林,122.807976,43.716091
赣州,114.964491,25.819264
安康,109.01613600000002,32.712405
富宁,105.584694,23.674103
定陶,115.59571100000001,35.064637
西安,108.964146,34.277264
咸阳,108.734669,34.343596000000005
沙园,113.261848,23.089823000000003
太谷,112.57008700000002,37.422034000000004
三明,117.606728,26.240256
南博山,117.960827,36.357617
扎赉诺尔,117.77000100000001,49.44334
翠岗,124.69328300000001,52.048629999999996
双柳,114.619606,30.619734
扎罗木得,120.43508100000001,49.217625
冕山,102.30909,28.353952000000003
永安南,117.388365,25.937701999999998
双城北,126.27186299999998,45.426783
黄桶北,106.132668,28.519876
察尔汗,95.304932,36.809452
通辽,122.271978,43.605328
玉林,110.157719,22.59702
临汾西,111.46694,36.101151
大山铺,104.849335,29.413225
米脂,110.173119,37.74841
商丘,115.65805800000001,34.44619
天祝,103.136622,36.980509000000005
暖泉,104.048454,36.026428
沟帮子,121.774864,41.361858000000005
新都东,104.19389100000001,30.799564
红星,129.38546499999998,48.235962
绍兴东,120.85213200000001,30.053744000000002
山海关,119.767439,40.000696999999995
宣威,104.11903199999999,26.208481
大扬气,124.19956200000001,51.004841
高安,115.385896,28.469692
三门峡南,111.16032299999999,34.74953
连江,119.566617,26.193957
静海,116.929841,38.932801
怀柔北,116.69247299999999,40.409116999999995
包头北,109.74695200000001,40.661745
大兴机场,116.420667,39.542956
神州,110.307976,18.724601999999997
罗源,119.57658899999998,26.455495000000003
郎溪南,119.1243115,30.8984685
海林,129.388266,44.567233
汉寿,111.947301,28.769717
小河沿,119.548576,42.398392
尼波,102.62732700000001,28.340687
长武,107.8,35.22
昆明,102.721813,25.014801000000002
广安南,106.592295,30.451115
焉耆,86.546577,42.076199
得莫利,129.012573,45.880790999999995
双鸭山,131.151962,46.645069
岭北,121.76096299999999,50.307460999999996
哈尔滨西,126.576958,45.707321
德州,116.288495,37.449892
新坪田,104.629517,25.413803
枣庄东,117.548602,34.866745
三江南,109.576269,25.725157
新干,115.396336,27.732471000000004
烟筒屯,124.162598,47.004321999999995
苍溪,105.916114,31.760114
滦河沿,117.54396100000001,41.079516999999996
五台山,113.566553,39.265169
南雄,114.31084299999999,25.145232
崇左,107.35808200000001,22.403814999999998
兴隆县,117.50055800000001,40.417358
永州,111.571051,26.453606
承德南,117.927985,40.898396999999996
蒲江,106.008137675,30.646092074999995
张台子,123.27269,41.353657
成吉思汗,122.83951599999999,47.748703000000006
阜新,121.63775700000001,41.987233
古浪,104.036961,35.474444125000005
朱日和,112.89998600000001,42.397541
西平,114.03845600000001,33.377455
岔江,110.36311299999998,24.580414
高村,112.692596,38.168597999999996
郑州西,113.42516499999999,34.74493
石梯,109.119293,32.749176
营盘湾,109.79258,40.925067999999996
二连,111.986977,43.657528000000006
咸宁北,114.30212,29.899072999999998
湾沟,128.10433999999998,43.587994
朝天南,105.886568,32.636499
阳新,115.18040500000001,29.859877
内江南,104.99041899999999,29.540029999999998
汾阳,111.78445,37.279502
平安驿,102.109187,36.505297999999996
百里峡,115.393196,39.683826
福利屯,131.134445,46.722446000000005
定边,107.57638,37.561603000000005
安江东,110.54945333333332,27.238776
周口东,114.65018700000002,33.618553000000006
黎塘,109.13317099999999,23.195194
倭肯,130.530136,46.004307
普兰店,121.959921,39.40106
石家庄北,114.465122,38.065566
仁布,89.811,29.310287
海晏,100.985679,36.871552
武清,117.01686000000001,39.372434000000005
马海,124.70363600000002,41.288551
周口,114.665071,33.578593
铁刹山,124.33672299999999,41.295132
龙市,113.96786499999999,26.719006
本溪新城,123.67755,41.482657
朝阳镇,125.876727,42.732209
南昌,115.91795,28.661697999999998
岷县,104.03688000000001,34.438076
武隆,107.776306,29.326195000000002
偏岭镇,123.17057,40.479896999999994
兰岭,130.712646,45.303413
扬州,119.35083600000002,32.389695
黑山寺,116.917213,40.5506185
余杭,120.29683899999999,30.381413000000002
英德,113.438832,24.159299
蕲春,115.44675600000001,30.241751
甘谷,105.33225300000001,34.762878
介休东,111.98808100000001,37.053416
曲水县,90.743853,29.353059000000002
花家庄,104.482857,25.784878
阳明堡,112.85617450000001,38.898320999999996
沙河市,114.497477,36.861102
永济北,110.4242,35.027683
江源,126.582047,42.041431
莒县,118.840345,35.651754
龙船,127.38820600000001,46.882214000000005
贵阳东,106.73212099999999,26.546667
邵阳,111.461423,27.212968
九台,125.838699,44.149755
二道桥,103.791493,27.436496999999996
阿龙山,121.85885633333334,51.773326
发耳,104.80504599999999,26.311834
牧原,121.133904,49.409302000000004
太阳山,106.820938,37.5051095
高邑,114.597606,37.605093
宣汉,107.658423,31.542388
微子镇,113.29342700000001,36.324795
渠县,107.013309,30.805003999999997
清河城,115.686343,37.063976000000004
密山西,131.823787,45.515102
辉河,119.267265,48.834457
芷江,109.66026699999999,27.454119
湘乡,112.52937,27.74509
林东,119.412865,43.934647
范镇,117.40268700000001,36.223846
鸳鸯镇,104.781403,34.799503
双吉,126.41956299999998,44.000877
巴山,108.11858400000001,32.256844
白洋淀,111.513931,30.417994
嘉善南,120.934949,30.788381
大河坝,106.84465800000001,28.319712
海城西,122.659654,40.914221000000005
商城,115.44246499999998,31.953112
梨树镇,124.34044899999999,43.297902
茂名,110.92871000000001,21.643051
岳阳东,113.207627,29.366090000000003
洪洞,111.67173400000001,36.262126
潜江,112.939144,30.389366
小西庄,114.629356,39.401882
帽儿山,127.519112,45.277557
杏树,130.56350700000002,45.92289
成高子,126.836708,45.699963000000004
荆州,112.212768,30.369891
新沂,118.347181,34.380844
深圳西,113.907596,22.526145
淮阳南,114.86658700000001,33.730268
衡阳,112.63096999999999,26.88989
银川,106.17484099999999,38.491296000000006
兰州,103.850378,36.035373
博尔塔拉,82.066159,44.905588
岑溪,110.94548,22.90253
班猫箐,103.213448,24.932346
肇东,125.99914199999999,46.077183000000005
甘洛,102.76257,28.978924
乌兰,98.467146,36.95367
前锋,106.906777,30.505478999999998
豆沙关,104.131287,28.024977000000003
汐子,119.26604499999999,41.798832
阜南,115.58969599999999,32.634599
犍为,103.960022,29.343528000000003
镇西,123.76476299999999,42.361740000000005
黎城,113.39235,36.51501
濑湍,107.501663,22.445158
乌兰花,108.6413695,39.197934000000004
通安驿,104.68869000000001,35.298122
东丰,125.54558300000001,42.654451
庐山,115.88154899999999,29.596199
兴和北,113.846052,40.888144
曲阜东,117.06879099999999,35.556828
哈力图,125.17933700000002,49.390137
华容东,113.143325,29.37632
十八台,112.816551,40.904804
山坡东,114.35994,30.086227
合阳北,110.09058999999999,35.289172
土地堂东,114.337997,30.212614000000002
苏州新区,120.52443899999999,31.371993
徐州东,117.303531,34.267390999999996
宜宾南,104.546628,28.704177
开原西,123.91896100000001,42.549868
田梁子,103.963173,27.552103000000002
德昌,102.186766,27.395570000000003
艾家村,105.765953,37.175076000000004
阳曲西,112.64708200000001,38.071432
威箐,104.55727399999999,25.537542000000002
辽阳,123.168028,41.281632
狮山北,120.52595500000001,31.337628999999996
双龙湖,127.4136095,45.942105999999995
月山,113.05532099999999,35.209644
抚远,134.40245900000002,48.345079999999996
朱杨溪,105.93241100000002,29.063021000000003
赣县北,115.00539199999999,25.862814999999998
孝感东,113.947864,30.933481
肥东,117.485375,31.862334999999998
登沙河,122.18581125,39.3183485
西昌南,102.214021,27.837685999999998
台州,121.289055,28.68575
北滘,113.263939,22.916031
共青城,115.77538799999999,29.24251
长寿北,107.07426299999999,29.880583
黄冈,114.94353899999999,30.485188
名山,103.188076,30.055845
索伦,121.242271,46.603462
葫芦岛北,120.76316299999999,40.742802000000005
兴业,109.906945,22.737605
草海,104.253838,26.878353000000004
小关溪,103.97126,27.980372999999997
寮步,113.882324,22.95298
鄯善,90.483526,43.098331
集宁南,113.099434,41.03083
韩府湾,106.14343999999998,36.570175
扎鲁特,121.245621,44.656909999999996
青水山,124.61653100000001,48.103764
新绛,111.210006,35.610246000000004
庙山,114.373543,30.412865000000004
呼和浩特,111.665072,40.830828000000004
阎良,109.22888700000001,34.66805
猴山,117.02948799999999,40.815498
亚布力,128.614807,44.928703000000006
红兴隆,131.2763194,46.863656399999996
官高,116.31401799999999,40.226044
余粮堡,121.96878799999999,43.44043
黄梅,115.94207,30.093615999999997
土贵乌拉,113.20554399999999,40.785919
北京南,116.37906399999999,39.864461999999996
余姚北,121.168343,30.098008
榆林,109.72118799999998,38.273424
阳泉,113.592317,37.857306
西昌,102.224078,27.877363
阿乌尼,122.00071000000001,51.945908
松树镇,127.10942800000001,42.048221999999996
天水南,105.85788500000001,34.548471
宜耐,103.605568,24.846239
怀化,109.967147,27.558320000000002
白马井,110.67319499999999,22.340151000000002
应城,113.572805,30.922796999999996
柳林南,110.931758,37.443152000000005
锦州南,121.124772,41.016494
铜仁南,108.975559,27.279018
大磴沟,106.373535,39.170521
涡阳,116.23991399999998,33.487988
平坝南,106.30098100000001,25.430523
费县,117.979674,35.277944
当阳,111.812395,30.84763
关寨,105.22373200000001,26.283979
白银西,104.098791,36.550437
柳园,95.475319,41.142399
靖西,106.391054,23.147446
江华,111.55524,25.179617
安吉,119.68893700000001,30.629075
邓家湾,103.988213,27.642428999999996
祁东,112.06591499999999,26.759421000000003
灌云,119.20476074999999,34.0100325
忻州西,112.69356299999998,38.442948
兑镇,111.61031299999999,37.089893
南平市,118.17770800000001,26.641768
西丰,124.707384,42.734404
泰来,123.41247,46.392236
沂南,118.237563,35.673605
团结,106.37928799999999,29.639505
吉安西,114.993376,27.112997999999997
梅江,116.12275,24.291588
友好,128.842029,47.858643
大青沟,122.18766799999999,42.824776
扶绥,107.91938799999998,22.627963
连湖,108.445412,29.692207
高碑店,115.85868,39.329043
高州,110.854881,21.911848000000003
宝丰,113.072351,33.879290999999995
偃师,112.79454799999999,34.7287
露水河,127.815445,42.513335999999995
桂林北,110.30176200000001,25.329063
红彦,124.982147,49.513683
烟筒山,126.03072399999999,43.286503
白音华南,122.962151,48.118793
汝州,112.827789,34.169433000000005
临澧,111.60898300000001,29.433597999999996
锡林呼都嘎,112.78679699999999,42.573856
顺义,116.645481,40.125859999999996
彭山北,103.861426,30.207625
立志,124.57047299999999,45.994514
涟源,111.67570400000001,27.684734999999996
万宁,110.381178,18.807742
玉舍,104.779327,26.485917999999998
盖州西,122.273829,40.405015
广顺场,105.52552800000001,29.368646999999996
河口南,118.516,37.888422999999996
义县,121.22979099999999,41.527121
额敏,84.258357,45.558940666666665
库尔勒,86.19644100000001,41.74765
杏树屯,122.15821100000001,39.267348999999996
亳州,115.79737800000001,33.847843
高桥镇,121.005669,40.898262
塔城,82.980316,46.745364
东方红,108.66873700000001,19.114421
靖边,108.756396,37.619526
龙嘉,125.70081299999998,43.99279
大民屯,123.96243999999999,47.256195
乐跃,102.322357,27.295111
佳木斯,130.382158,46.804292
渑池,111.78568600000001,34.753137
连云港东,119.340915,34.717968
郴州西,112.97003799999999,25.736628
桐城,116.97854199999999,31.050584000000004
德安,115.76746999999999,29.309879
新乡,113.859834,35.305512
青川,105.84675,32.435875
五营,129.237556,48.112019000000004
前进镇,133.122531,47.544847
湖州,120.024222,30.862099
长山屯,124.469292,45.314045
九台南,125.812024,44.02285
克拉玛依,84.89458,45.528862
中宁南,105.61714199999999,37.335378999999996
通化县,125.75925900000001,41.679808
大红旗,122.6407215,41.898185999999995
鲁河,122.989426,47.448856
午汲,114.15383899999999,36.651835999999996
巩义,112.981076,34.760333
湾沚南,118.611176,31.141434000000004
燕山,115.95832800000001,39.749065
狼尾山,98.03833,39.622665000000005
潍坊北,119.185106,36.7955
水洋,113.328224,36.463367
茅草坪,104.761658,26.242017999999998
联合乡,102.4673,28.272491
庆安,127.503267,46.887572999999996
晋江,118.459144,24.794454
滨海西,119.826306,34.003452
德惠西,125.676556,44.545522
揭阳机场,116.51776100000001,23.543007
江桥,123.68431899999999,46.771297
彬州,108.151816,34.706334999999996
铜陵北,118.021406,31.013378999999997
良各庄,115.937401,39.719116
齐齐哈尔南,123.96936000000001,47.284828999999995
鸡西,130.977995,45.304303000000004
新杖子,117.880455,40.775169
大盘石,115.09182,39.428032
轮台,84.252156,41.777702000000005
红峰,102.621475,28.282685999999998
临沂北,118.443496,35.115658
姜堰,120.154625,32.509512
勃利,130.559906,45.756248
沈丘,115.087547,33.361292
合肥,117.30156299999999,31.864906
吴家川,104.541061,36.662785
琼海,110.49138,19.240289
铜罐驿,106.395348,29.300163
河边,113.100822,38.60038
皮口,122.360909,39.408604
攸县南,113.341195,26.843365999999996
太姥山,120.22448,27.126926
兴国西,115.357339,26.334671999999998
武义,119.83028,28.908011
铁西,102.61533750000001,28.683525000000003
庐江,117.17709199999999,31.341065999999998
木竹河,106.86874399999999,28.634665000000002
宜宾西,104.643215,28.751768
修武西,113.42518500000001,35.210799
岔河,103.870789,27.837521000000002
安口窑,106.808846,35.234764
丹东,124.386026,40.123754
汾河,112.541527,37.947807
南峧,113.56429299999999,36.57312
明城,126.01673899999999,43.194023
渭南北,109.48079299999999,34.535661
门源,101.527857,37.426587
安图,128.908435,43.115611
青田,120.280222,28.136994
廉江,110.297125,21.615109
景德镇北,117.242061,29.338732
石门坎,106.7901345,28.690490000000004
无为,117.969307,31.303952000000002
尖山,131.14387299999999,46.632042999999996
余江,116.818648,28.215134000000003
连山关,123.77629449999999,40.979938499999996
纪家沟,118.13364399999999,41.92934
郁山,108.44569399999999,29.493242
襄河,126.85668899999999,48.800194
厦门,118.116183,24.467559
阜阳西,115.857405,32.96775
大石头,128.502014,43.305779
襄汾西,111.33750400000001,35.838284
三水南,112.870834,23.113546
甲山,118.26491499999999,40.788727
炎陵,113.78599299999999,26.495913
孝感北,114.22093799999999,31.58598
古城东,100.23225699999999,26.876213
土溪,107.060783,31.014340999999998
新青,129.526861,48.291582
红砂坝,113.21226499999999,40.683178000000005
塔河,124.69825,52.333032
泔溪,108.943329,28.977434000000002
惠环,114.56166100000002,23.125044
盐城,120.174104,33.382301
石岭,124.704498,43.091869
鲘门,115.12528200000001,22.812586
迁安,118.692952,39.9256
桂林,110.283055,25.261115
南杂木,124.407448,41.965702
黄流,108.79718799999999,18.540262
纸坊东,114.345169,30.353792
朱家沟,129.864334,44.882979999999996
碑木镇,103.454559,26.513871999999996
大武口,106.39343000000001,39.028048999999996
永和,122.0483055,42.7172405
到保,123.178001,45.604053
乌拉山,108.778824,40.657967
攸县,113.396404,27.014607
镇平,112.44250500000001,32.877806400000004
洞井,113.012184,28.099359999999997
鹤岗,130.284595,47.340199
宝鸡,107.15325800000001,34.373327
八面通,130.54187,44.926528999999995
雅安,102.953156,29.984773999999998
闻喜,111.21674099999998,35.356074
卫辉,114.062302,35.431914
阳平关,106.058823,32.975338
新乡东,113.97859,35.314546
公主岭,124.81123899999999,43.509087
武功,108.20522,34.258061
嘉兴南,120.799204,30.690846
上板城,118.06568899999999,40.844952
通远堡西,123.91583999999999,40.778255
靖远,104.672589,36.551465
碾子山,122.883532,47.515597
上虞,120.85649099999999,30.001132000000002
洛湾三江,109.609799,25.77515
口头,118.06748199999998,36.4684605
革居,104.734451,25.16925
胶州北,120.055341,36.396534
虞城县,115.840511,34.402512
裴德,131.904892,45.638157
天柱山,116.46222475,30.492354583333327
道清,126.288048,41.844485999999996
临清,115.73716,36.841934
柞水,109.14646299999998,33.639018
孤山口,115.843864,39.64946
德兴东,117.940394,28.449284999999996
全椒,118.28323,32.060371
龙里北,106.96744699999999,26.467493
中宁东,105.703318,37.449338
哈尔滨北,126.539635,45.849041
辽源,125.12886999999999,42.905440000000006
锡铁山,95.61975100000001,37.122963
艾河,114.54780600000001,39.393741999999996
英德西,113.352294,24.159454
平原东,116.58232199999999,37.218659
兴城,120.70248799999999,40.623738
长箐,101.51873,26.203154
蓬安,106.42423799999999,31.000346999999998
东通化,126.04428600000001,41.77094
尚家,125.87686200000002,46.127487
中嘴,107.849014,29.301786
雨格,104.668549,26.097797
关岭,103.290054,25.377794
梁山,115.936805,35.818737
平泉,118.700127,40.999571
猛洞河,109.98240700000001,28.686573
扶余北,126.002821,45.008117999999996
大石寨,121.383301,46.312244
丰城,115.790651,28.182353999999997
长兴南,119.90408500000001,30.990406
万年,117.080591,28.685823
乐平市,117.11451699999999,28.96599
通榆,119.5167676111111,42.01810638888889
隆昌北,105.29114299999999,29.465401
灵武,106.365563,38.158194
依安,125.286667,47.874459
耒阳,112.82299599999999,26.404344000000002
恩平,112.305246,22.181383
涪陵北,107.27784199999999,29.770109
泰山,117.109701,36.187103
伊敏,120.391617,47.632107
花湖,115.02233100000001,30.261181
牙屯堡,109.62271100000001,26.130135
陶思浩,110.93087,40.658703
磐石,126.067599,42.928583
曹妃甸东,118.461324,39.276258
花园口,113.720757,34.878941
海口,110.162028,20.027238
雁荡山,121.152084,28.341666999999998
白音胡硕,121.441422,45.01577
宣化,115.056931,40.5981
宁强南,106.287151,32.819171000000004
绩溪县,118.58379199999999,30.055681
张家界西,110.502642,29.113665
拉林,126.896553,45.231125
艾不盖,109.859642,41.529869
新津,103.843738,30.373708
繁昌西,118.158207,31.071303999999998
修文县,106.59210800000001,26.838926
徐水,115.64518500000001,39.033660999999995
应县,113.191099,39.554247
朱家窑,104.005325,36.502163
东阳关,113.47832149999999,36.544065
清远,113.133668,23.694164
紫荆关,115.17055500000001,39.448192999999996
石磷,130.705231,45.167118
代县,112.984503,39.076840999999995
白泉,122.157021,30.066101
临海,121.246774,28.880288
清水,99.43040633333334,39.3543935
桃村北,121.14666000000001,37.211731
章丘北,117.53338600000001,36.714252
章党,124.07753799999999,41.907790999999996
大涧,114.30838,39.472157
辛集南,115.21118200000001,37.882825
开化,118.401322,29.132782000000002
油溪,114.62678500000001,24.223372
朝阳村,120.46115900000001,41.57918
鸟岛,119.001488,29.610826
古莲,122.353226,52.948273
仙人桥,127.240494,42.176296
白马,112.674423,28.720137
滦平,117.31618200000001,40.923606
涵江,119.175509,25.491455
和平,114.969272,24.457209
弯道,125.272171,48.902522999999995
平原堡,100.338877,39.0651635
酉阳,108.962049,28.808412
芦庙,115.77881599999999,34.003464
东淤地,113.907021,39.263119
咸阳秦都,108.66673600000001,34.330996999999996
德兴,117.58393999999998,28.935652
蔡家沟,126.13859599999999,45.11937
图里河,121.67424799999999,50.482723
松江镇,121.31664599999999,31.013883
常山,118.530387,28.894622
玉山南,118.29276000000002,28.647931
小榄,113.269966,22.64724
西哲里木,120.49771100000001,45.557369
北京,116.42543,39.903909000000006
牡丹江,129.61333100000002,44.590990000000005
大石桥,122.50574399999999,40.645404
三十家,119.055145,41.014175
瓦祖,102.554199,28.203869
石门村,109.78427099999999,41.0361305
三元坝,106.85545349999998,28.534667
秧草地,103.850471,24.825216
五家,125.68383,44.967258
唐家湾,113.551849,22.363042999999998
新彦,125.25923200000001,49.133441999999995
乌兰胡同,108.246696,34.106122
哈达阳,125.21666699999999,49.302135
南阳寨,115.44261219999999,36.4365242
杨陵南,108.052691,34.253656
向阳,130.358674,46.815284999999996
虢镇,107.363556,34.363224
威海,122.14363999999999,37.426643
安德,103.81195799999999,30.874284999999997
徐闻,110.165058,20.331298
许家台,104.20863299999999,35.906387
口前,126.526031,45.890476
碧州,124.613518,51.949608000000005
王岗,126.54463200000001,45.671211
哈克,120.08301499999999,49.191772
泗县,117.910629,33.482982
冷水江东,111.46719499999999,27.658584
临,111.442349,35.880337
敦煌,96.409005,40.4201805
仙桃西,113.14023600000002,30.424792
富源北,104.27014100000001,25.712329999999998
城固,107.322621,33.137884
甲猫,106.70086699999999,24.324007
承德县北,118.173825,40.768238000000004
马三家,123.23751100000001,41.898613
钟家村,109.46900900000001,34.822315
桐庐,119.734427,29.787993
界首南,115.330196,33.220071000000004
讷尔克气,124.248779,50.155769
小雨谷,104.600739,25.465754
苏州北,120.64350300000001,31.421133
大安,124.28321799999999,45.483671
月华,102.182121,28.143354
皋兰,104.14219374999999,36.354429749999994
丹阳,119.592851,32.001818
毕节,105.283992,27.302589
龙镇,126.71583600000001,48.686237
昆都仑召,109.796081,40.703941
瓦房店西,121.83778600000001,39.656984
柳园南,95.47213,41.101883
帽儿山西,126.97607860000001,45.567854000000004
隆安东,107.43297050000001,23.394335499999997
漯河西,113.963967,33.57242
钟山西,111.332158,24.552654
顺德学院,113.31941499999999,22.822657
双阳,125.641332,43.518716
金林,121.276146,51.144344
深圳北,114.028356,22.607177
水家湖,117.168892,32.48291
董家口,114.96875,28.561501
柳树屯,120.80068999999999,40.764171999999995
莎车,77.233002,38.374412
舒城,116.84758799999999,31.345546000000002
桐柏,113.436226,32.389635
长庆桥,122.839104,45.614731
祁县,112.33107,37.346821000000006
丰乐镇,130.87486299999998,46.811091999999995
安顺西,105.87546100000002,26.198389000000002
田阳,106.936098,23.766348
禹城,116.633642,36.924278
丹江口,111.513127,32.540157
永福南,109.999605,24.998701999999998
歙县北,118.410849,29.921644
敖头,114.56109599999999,28.454973
高滩,108.328125,32.414612
大灰厂,116.127785,39.852005
青岛,120.312592,36.065193
额济纳,101.04245,41.892319
伊通,125.28788700000001,43.3707
广水,114.03712,31.631296000000003
七营,106.144875,36.506176
浠水,115.24251299999999,30.433096999999997
古田北,118.66526599999999,26.462131
上西铺,104.50663,25.698851
沙坡头,105.00425600000001,37.467067
句容西,118.979446,31.833140000000004
永川,105.901099,29.340873
七苏木,113.191879,41.079269000000004
芙蓉南,112.996508,28.033427000000003
桐木寨,107.997398,26.681984000000003
葫芦岛,120.869077,40.754422999999996
建安,118.362595,27.068185999999997
珠琳,104.662964,23.990485999999997
兴安北,121.667433,46.125434000000006
如东,121.18847,32.313781
井冈山,114.297923,26.728312
喜德,102.39959,28.309537
白奎堡,127.003723,46.37125
长临河,117.72824466666667,31.573598333333333
光明,124.635056,48.279724
安靖,104.036934,30.736984000000003
讷河,124.84679399999999,48.481064
香港西九龙,114.15182,22.331542000000002
龙泉寺,110.89451650000001,37.304584500000004
白河东,110.11451399999999,32.804376
桥头,119.242294,32.174259
韶关,113.515317,24.750142
德令哈,97.383666,37.315387
豆庄,113.84701499999998,36.729702
澧县,111.76805700000001,29.638946999999998
福泉,107.53652199999999,26.625123
元宝山,119.24200900000001,42.234676
张家川,106.342823,34.965959999999995
肇庆,112.44820800000001,23.081107
麻尾,107.46012900000001,25.319572
昌图,124.11705500000001,42.779016
上腰墩,102.832901,37.773502
黄山,118.322653,29.722584
戚墅堰,120.067764,31.722879
凌海,121.360669,41.181478999999996
天岗,126.955376,43.904446
雁栖湖,116.66729699999999,40.333595
横沟桥东,114.33955900000001,30.125039
红安西,114.63248999999999,31.004215999999996
滩头,104.272514,28.314954999999998
伊拉哈,125.16439799999999,48.826202
龙丰,114.39050300000001,23.075495
定州,114.972946,38.529808
阳春,111.761467,22.189346
唐河,112.850202,32.667063
太平川,122.366391,42.234679
燕子砭,105.943871,32.916367
亚布力西,98.936874,27.155647
白彦花,109.29571499999999,40.627995
星朗,107.493347,25.468220000000002
东二道河,120.53226900000001,39.2385735
下城子,130.4509995,44.7697315
白银哈尔,104.138559,36.544756
黑冲滩,96.76709,40.490284
阳泉北,113.438597,38.114227
隆回,111.04331599999999,27.108016999999997
晋城,112.873283,35.475742
玉石,101.891624,38.470779
萍乡北,113.84793300000001,27.683212
南充,106.08591200000001,30.807854
临泽,100.15894499999999,39.156687
上海,121.453106,31.249507
江永,111.46568400000001,25.349838000000002
羊马,103.74649000000001,30.655647
长河碥,105.78014399999999,29.415344
武当山,110.96583600000001,32.538338
青白江东,104.22561400000001,30.894454999999997
带岭,129.020471,47.023026
忙罕屯,121.368553,46.290958
磁山,114.11179399999999,36.597157
进贤南,116.234549,28.337740999999998
陈相屯,123.531319,41.564571
陶赖昭,125.93943,44.826023
和田,79.922211,37.114157
华山,128.94342,45.13813
吐哈,90.531769,43.060741
渭南镇,104.773247,36.148941
灌水,124.566353,40.862251
姚千户屯,123.61860700000001,41.532207
牛家,126.73690800000001,45.350765
北马圈子,117.603874,40.520771
青州市北,118.47963600000001,36.6846
黄羊湾,105.525452,37.511974
新郑机场,113.854665,34.525290000000005
麻山,130.540232,45.205396
哈达,121.51896699999999,50.680446999999994
巴彦郭勒,108.541909,39.441926
于都,115.4165,25.975092999999998
杭州,120.18193799999999,30.243817
沧州,116.87736100000001,38.308726
佛山西,113.033639,23.079735999999997
高楞,129.250351,46.005203
鄂尔多斯,109.842565,39.560485
库车,83.016611,41.694637
荷塘,113.16646599999999,27.850957
源潭,113.202301,23.662962
辽中,122.77106699999999,41.559663
鞍山西,122.915576,41.118021
蒙渡,106.84216299999999,28.434669
黄村,113.40892,23.130243
襄州,112.196491,32.083056
白石山,127.560951,43.582432
马盖图,112.705399,40.907074
商丘东,115.65637,34.414172
百色,106.664121,23.885409
涪陵,107.333802,29.699222999999996
台前,115.86411299999999,35.964186
古城,100.23225699999999,26.876213
南大庙,117.068497,40.767765000000004
临江场,126.91808700000001,41.811979
泡子,122.328476,42.207848
伊敏索木,120.318207,48.108646
建阳,118.113796,27.35456
连珠山,131.7238215,45.462719
泗阳,118.713619,33.754703000000006
迎祥街,105.214279,29.389513
惠州,114.41611499999999,23.151307
成都,104.074894,30.695707000000002
綦江,106.66413899999999,29.017065999999996
娄山关,106.90048200000001,28.033388000000002
楚雄,101.54411400000001,25.050557
茶陵南,113.52791,26.734852000000004
高平,112.918925,35.801046
乾安,123.879501,45.099338
羊坪,108.825172,27.172435999999998
枣阳,112.76008600000002,32.069666
扎音河,126.942902,47.593864
临沂,118.34403600000002,35.036675
都匀,107.514921,26.232159999999997
原林,121.39476,49.886646
南京南,118.799048,31.968004999999998
汉川,113.812997,30.541655
东来,121.642075,43.390038
绥棱,127.082623,47.249065
永安乡,128.8691032,43.1999628
涞源,114.711924,39.371935
诏安,117.169054,23.716887
干溪沟,108.540695,29.482943
开原,124.031997,42.546718
曾家坪子,103.981239,27.699222999999996
淮南,117.02001399999999,32.631244
甘泉北,109.34659199999999,36.277503
银滩,109.15699,21.408834
巴中,106.765147,31.873795
神池,112.198723,39.082724
古镇,113.20568100000001,22.598278
大阳,112.805145,35.650467
镇城底,112.061516,37.956866999999995
都昌,116.55347750000001,29.443361250000002
庆盛,113.49151599999999,22.866260999999998
佛坪,107.92512520000001,33.628998200000005
珞璜南,106.42765,29.343221999999997
富源,104.254601,25.658685000000002
羊草,125.42541499999999,46.334465
阳泉曲,111.61031299999999,37.089893
鹤庆,101.09933749999999,25.523941500000003
郭家店,124.577423,43.342163
丰镇,113.16357099999999,40.434876
莫尔道嘎,120.81023400000001,51.234759999999994
礼泉,108.41915300000001,34.431294
白山市,126.458675,41.952557
瓜州,95.77329499999999,40.567510999999996
白桦排,124.19413,50.248142
新余北,114.896724,27.911259
小得江,104.588638,25.043406
包头东,110.024249,40.570393
沈阳北,123.435946,41.819382
牙克石,120.737669,49.279474
准格尔,110.88529799999999,40.2926075
五大连池,126.61758700000001,48.628984
沥林北,114.238426,22.975706
建三江,132.74411999999998,47.381588666666666
惠东,114.793442,22.84455
大明湖,109.74405700000001,34.385696
海门,121.281853,31.897691
汤逊湖,114.384979,30.443527000000003
上高镇,117.192744,36.190637499999994
路口铺,113.36601999999999,29.509983000000002
水源,103.880501,36.141262
新干东,115.30737500000001,27.4235734
宿州东,117.251006,33.675734000000006
四方台,131.322193,46.594757
常平,114.00623300000001,22.983292000000002
暮云,112.98461200000001,28.025257
南湾子,117.58657099999999,40.488983000000005
西柳,122.62181100000001,40.844177
阳邑,113.90988200000001,36.743511
蔺家楼,117.57553100000001,36.252274
昌平北,116.233177,40.231258000000004
牛庄,122.51843999999998,40.93441
南丰,117.04654433333333,27.066138833333337
大冶北,115.00076299999999,30.121993
克山,125.850955,48.016044
头道桥,107.144829,40.589386
五府山,118.045822,28.230099
韩麻营,117.840538,41.276866999999996
姚渡,105.46368400000001,32.837897999999996
长寿湖,107.20451299999999,29.965627
夏邑县,116.131447,34.237553999999996
三门峡西,111.081702,34.686941
石河子,86.06286,44.268685999999995
容县,110.532229,22.859001
永泰,118.933641,25.848179000000002
杨桥,112.97271,28.448142999999998
瓦窑田,104.653809,25.384079
宁武,112.31948600000001,39.007036
东莞,113.85918000000001,23.089603
庄河北,122.936199,39.728012
零陵,111.58255700000001,26.222871
尖峰,116.483398,26.747996999999998
黔西,106.0731635,26.902944249999997
临江,126.90305,41.803979999999996
高台,99.788684,39.269191
福山口,115.341072,39.665157
随州,113.416669,31.721187
巴彦高勒,107.104329,40.318115999999996
建瓯西,118.27992900000001,27.04853
大板,118.6399,43.52533
绥阳,107.74540900000001,28.572446999999997
沈阳南,123.40706899999999,41.668803000000004
庙庄,103.38826,36.484992999999996
咸宁,114.28856200000001,29.879474
新凉,102.52667199999999,28.240105
化州,110.651886,21.653226
武安,114.212066,36.676465
息烽,106.74729099999999,27.078094
土桥子,106.03663600000002,36.783428
许昌东,113.88725900000001,34.048346
汤池,123.77413200000001,46.987431
光山,115.35867366666668,31.49622566666667
湘府路,113.00253300000001,28.105152
兰州东,103.891694,36.030096
兰州西,103.75224399999999,36.069001
察素齐,111.12604499999999,40.705784
三亚,109.49311999999999,18.296123
九三,125.25618700000001,48.881821
南木,122.36611200000002,48.179146
吴川,110.768902,21.508932
柏林,105.947441,29.164457000000002
白河县,110.099616,32.833118
山河屯,127.21071599999999,44.696899
沟口,122.026505,48.680138
北舍,120.28103600000001,32.536777
盘关,104.50286899999999,25.890717000000002
邵东,112.273752875,27.419505249999993
大孤山,123.046181,41.06604
仙游,118.871669,25.250169
张掖,100.51880899999999,38.97364
罕达盖,118.82048799999998,47.848164000000004
桥湾,96.641998,40.565804
安达,125.323034,46.40195
杭州东,120.212427,30.291538
赣榆,119.11218899999999,34.879275
黄口,116.697624,34.359992999999996
昭通北,103.791493,27.436496999999996
衡水,115.69088899999998,37.743977
七甸,102.9804,24.931085999999997
彭阳,106.287768,35.811578999999995
祁家堡,123.81671899999999,40.928115999999996
滕州东,117.257989,35.090463
金寨,115.946919,31.71953
钦州东,108.668481,21.978896
沭阳,118.76455800000001,34.111806
乌海,106.80636499999999,39.66965
辛集,115.21536100000002,37.904683
靖远西,104.65270500000001,36.560393
马兰,112.033752,37.849266
六盘水,104.85145899999999,26.591645
长兴,119.93686000000001,31.132451
信阳东,114.16003,32.143564000000005
合肥北城,117.252801,32.063347
和硕,86.878562,42.303563
松青,129.119217,47.097183
得耳布尔,121.078423,50.993248
阿木尔,123.162636,52.86145
綦江东,106.662274,29.024026
珠海,113.55006399999999,22.215235
沙海,119.46656000000002,41.497840999999994
固原,106.30538600000001,36.020624
龙山镇,117.6175334,24.646988999999998
驼腰岭,125.90306100000001,42.181515000000005
徐州,117.20796499999999,34.264868
东庄,113.83023100000001,39.266155
坝梁,109.771301,41.091045
苏州园区,120.710572,31.341671999999996
桃山,130.979516,45.782269
汤阴,114.346149,35.914666
惠农,106.727746,39.262088
汉阴,108.50690900000001,32.877083
煤田,121.31986200000001,49.479477
温岭,121.32483500000001,28.479153999999998
当涂东,118.526182,31.561735
大杨树东,124.660316,49.712128
定南,115.00471499999999,24.774767
兰岗,129.412201,44.267406
杨杖子,119.134354,40.720978
赤峰南,118.88685600000001,42.257816999999996
宜良北,103.190688,24.982835
宜春,114.436609,27.789301000000002
灵丘,114.22116299999999,39.461556
扎赉诺尔西,117.695384,49.471946
风陵渡,110.31205700000001,34.631565
洞庙河,117.69444299999999,40.571628999999994
渠旧,107.588974,22.520397
北井子,116.92028799999999,43.031727000000004
彭州,103.925031,30.978778000000002
安陆,113.69595,31.257584
华山北,110.099098,34.581432
汨罗,113.075748,28.813816
和静,86.372148,42.311240000000005
邹城,116.95856200000001,35.401125
鹤壁,114.27415400000001,35.759857000000004
蓬溪,105.699877,30.67884
和龙,125.3737335,36.896581499999996
梅花山,107.706453,27.4710375
无锡东,120.45943,31.597107
广通北,101.765198,25.16444
西来,120.436783,32.116245
苍南,120.41218500000001,27.528209000000004
贺州,111.539578,24.454710000000002
青溪,108.735222,27.119967
正定,114.55674099999999,38.162578
古田,118.62302700000001,26.429123999999998
神树,128.426544,46.943333
灵石东,111.915571,36.879690000000004
板城,115.256432,39.61401
榕江,108.524285,25.932153
龙桥,117.46354699999999,31.114202000000002
岚山西,119.27532099999999,35.187026
南宁,108.315503,22.826366
宋城路,114.21691100000001,34.788189
宜昌东,111.370893,30.658655
桦林,129.675171,44.677956
淮北北,116.852281,34.047272
尚志南,126.62136100000001,45.769981
娘子关,113.880051,37.962340999999995
六枝,105.464592,26.225610999999997
郑州,113.681688,34.836075
丰顺,116.19071100000001,23.751424
新邱,121.799125,42.095334
喇嘛山,122.26111599999999,48.386497
岳阳,113.11972,29.376638
长沙南,113.063993,28.146241999999997
崇州,103.68240300000001,30.609741999999997
建宁县北,116.87136299999999,26.915430999999998
许昌,113.820849,34.020355
交城,112.146212,37.547764
苏州,120.610855,31.329669
密云北,116.862196,40.396836
柴河,129.68649299999998,44.767357000000004
郁南,111.46973200000001,23.245397
下普雄,102.627205,28.629974
平泉北,118.67393700000001,40.994122
樟木头东,111.500359,29.642671999999997
彭泽,116.543034,29.866024
济南东,117.02651000000002,36.681242
宿州,116.995007,33.639117999999996
塔源,124.28990900000001,51.451595000000005
双牌,111.66065800000001,26.01994
彰武,122.52848300000001,42.386956
韦庄,109.93598899999999,34.970425
松坝,106.958244,27.915751
福生庄,112.46266200000001,40.967979
遂宁,105.543072,30.542065
兴泉堡,104.007263,37.114433
孔垄,115.898048,29.911365999999997
磨刀石,129.869095,44.562653000000005
新开,122.27998400000001,41.071007
武穴,115.550446,29.849452000000003
疏勒河,96.32041562500001,40.698050187499994
麻阳,109.80343300000001,27.855384
普安县,104.95306299999999,25.784135
大足,105.74318799999999,29.428927
延平东,118.74591300000002,26.522300333333334
西安北,108.939062,34.374741
歪头山,123.682243,41.493342999999996
源迁,118.03429399999999,36.424149
汨罗东,113.144178,28.745746
鼎湖东,112.66006499999999,23.21379
闹海营,117.723473,41.295547
桑植,109.9749545,29.284440000000004
大营,116.659378,40.161667
二龙山屯,126.55272566666667,48.407529333333336
海北,125.1579485,44.89315575
鹰手营子,117.662453,40.549995
花楼坝,107.863441,31.791446999999998
桂平,110.11628600000002,23.316214000000002
石门子,121.5624545,48.4803065
旬阳北,109.298423,32.840949
中山,113.433384,22.543779
曲靖北,103.78354399999999,25.589168
平遥,112.16814699999999,37.206835
昆山,120.95763400000001,31.366179
绵阳,104.7184,31.458959999999998
乌兰浩特,122.063621,46.071186
五莲,119.115017,35.8573545
璧山,106.224451,29.504082
同江,132.507817,47.6289
黔江,108.790931,29.443407
昌乐,118.838835,36.710599
镇远,108.410018,27.034840999999997
潘家店,117.823227,40.674735999999996
河唇,110.301842,21.696329000000002
大田边,104.7386665,25.224533
虎门,113.673065,22.860954
下台子,117.74118,40.603065
大连,121.63304299999999,38.92219
铁力,128.053655,46.974459
仲恺,113.43901799999999,23.387247
杨林,103.092537,25.242964
平罗,106.465443,38.960251
建水,102.872488,23.658107
聂河,123.56752,52.759953
青城山,103.606667,30.892153000000004
朱石寨,107.478027,25.387287
岳池,106.47121499999999,30.536665000000003
桐梓北,106.831622,28.385464000000002
信阳,114.082303,32.128743
野三坡,115.454155,39.671589000000004
舍伯吐,121.96305100000001,44.022907000000004
武胜,106.29576399999999,30.348771999999997
元田坝,106.839867,28.191093
渑池南,111.774971,34.685551000000004
常庄,117.89006,36.322731
镇江,119.4328,32.197697
乌鲁木齐南,87.587262,43.779764
大陆号,113.284622,41.207642
射阳,120.25803,33.768493
息县,114.72057,32.37277
长发屯,130.48992900000002,46.742256
悬钟,113.578011,36.659882
谷山,117.248833,35.25972
井陉,114.137107,38.034859000000004
江宁西,118.59492900000001,31.823982
霸州,116.37555,39.122406
海拉尔,119.74403600000001,49.230375
许昌北,113.840516,34.069897
青莲,104.701599,31.668076
阿里河,123.6682775,50.504746499999996
偏岭,123.978302,41.388283
太谷西,112.509459,37.448215000000005
平峪,115.54380800000001,39.667229
芦家村,113.20358999999999,41.382359
西岭口,121.48408500000001,48.848999
叶城,77.472678,37.891749
陇南西,104.857946,33.41062
沧州西,116.767995,38.306686
葛根庙,122.28593400000001,45.907917
赤峰,118.960574,42.256747999999995
西平西,114.130356,26.301922
大庆东,125.122951,46.533797
三门县,121.395777,29.104872999999998
通北,126.761284,47.768135
李家坪,101.788269,38.530949
宜宾,104.601037,28.751846999999998
平果,107.56566000000001,23.316278
东至,117.027727,30.172285
保康,122.17669715277778,44.11723834722223
南平,118.177773,26.622604
双石桥,105.837608,29.398279
藁城,114.83287800000001,38.027749
安家,127.067871,45.052399
湛江,110.38748600000001,21.186554
张兰,112.07276200000001,37.135067
恩施,109.484105,30.348193
广德南,119.42288899999998,30.876053999999996
安庆,117.065444,30.549291999999998
先锋,133.12870800000002,46.294998
晋州,115.031602,38.021019
稷山,110.994798,35.611691
咸宁南,114.305575,29.837213000000002
获嘉,113.64911599999999,35.25593
柘皋,117.748795,31.776619
金宝屯,123.57781200000001,43.383064000000005
北宅,116.57242600000001,40.340678999999994
土牧尔台,113.14418,41.851112
平顶山,113.30408500000001,33.719219
杭锦旗,107.036194,40.269719
介休,111.9189,37.01879
神头,112.550964,39.361015
铜陵,117.861531,30.919152
兰棱,126.18936200000002,45.220814000000004
广宁,112.42578700000001,23.585435999999998
阳信,117.619111,37.569027
溆浦南,110.593197,27.605159000000004
叶柏寿,119.64326499999999,41.391907
关林,112.512993,34.634155
来宾,109.24151499999999,23.730439
豆罗,112.70788600000002,38.309909999999995
新高峰,125.28251599999999,49.069115000000004
西安南,109.10260600000001,34.092223
农安,125.16135700000001,44.436381
乐昌,113.35743899999999,25.129285
镇紫街,106.675575,28.787021999999997
韩城,110.442027,35.484403
昌黎,119.167817,39.704238000000004
江津,106.24121000000001,29.261729
两当,106.31045400000001,33.775128
尼勒克,82.049414,43.966481
施秉,108.134523,26.91706
靖州,109.688542,26.566415999999997
长寿,106.964506,29.789618
彝良南,103.8570885,27.471251499999997
麻柳,108.194969,32.298171999999994
宜兴,119.813034,31.311954999999998
张桥,109.40293899999999,34.77166
北牟,118.10067,36.512772
长治北,113.125796,36.307901
杜尔伯特,124.44625900000001,46.865974
铁岭,123.836561,42.293483
九龙塘,107.00798,31.332338999999997
德州东,116.462332,37.409565
黄羊滩,106.01880600000001,38.259693
贵港,109.6132,23.100870999999998
开鲁,121.284296,43.633224
北京西,116.32329399999999,39.893874
西华,114.52205,33.80375
泊头,116.586702,38.061631
晋中,112.641791,37.686176
庄桥,121.552696,29.924234000000002
太白,107.171302,34.344966
新民,122.816653,42.000836
亭亮,107.194519,22.22287
唐山,118.121582,39.624264000000004
大英东,105.279339,30.567956
普者黑,104.121605,24.135927
通海,102.668498,24.116393
子洲,109.952827,37.610873
沙沙坡,104.050911,28.011421000000002
深州,115.61346599999999,38.011621000000005
合浦,109.18768700000001,21.622344000000002
祥云,100.544844,25.471774
大邑,103.52538,30.566653000000002
中寨,104.257019,24.80621
金华,119.636091,29.110764
歙县,118.411709,29.866618
漫流河,112.897995,34.669781
蚌埠南,117.44149499999999,32.901933
江所田,104.479713,24.97069
黑河,127.500674,50.233464
繁峙,113.273629,39.165684000000006
张家港,120.516724,31.852484000000004
临河,107.429928,40.743709
上谷,118.481361,40.79612
泽普,76.91792533333333,38.58635066666667
大同,113.304099,40.12073
淮滨,115.41242,32.501156
亚龙湾,110.05382849999998,18.5911315
道劳杜,101.490448,31.593363
新固镇,113.99130249999999,36.6543465
定州东,115.07489299999999,38.508602
天水,105.89863600000001,34.565214000000005
白壁关,111.721764,37.143184999999995
洛阳龙门,112.460606,34.594535
唐山北,118.118306,39.818068
石嘴山,106.42158400000001,38.916863
章丘,117.49931799999999,36.722139
巴楚,78.549648,39.835485
榆树,126.53348500000001,44.816503000000004
吴桥,116.38641299999999,37.627201
花山南,118.110528,31.679769
师宗,104.019308,24.825473000000002
果松,126.255707,41.598877
轩岗,112.43123600000001,38.893840999999995
绥中,120.35370400000001,40.321926
柳沟,96.43782,40.679028
林西,118.08153700000001,43.593272
随县,113.29952800000001,31.853833
六个鸡,107.78888700000002,26.567460999999998
夏格庄,90.450249,29.135838
泰州,119.9807,32.528835
梁平南,107.769943,30.642445000000002
枝江北,111.77211799999999,30.476724
南岔,129.281177,47.134258
太和北,115.6275,33.180640999999994
银浪,124.85436200000001,46.490992999999996
田林,106.23419399999999,24.28528
平阳,120.56344299999999,27.605432
电白,111.0048,21.507895
宁东南,106.586197,38.164406
海石湾,102.865044,36.340446
南召,112.740711,33.439553000000004
临颍,113.92057,33.806492
霍林郭勒,119.66941200000001,45.535012
鹰潭,117.028462,28.235518
泰宁,117.15336299999998,26.926852
桂林西,110.266694,25.353932999999998
丹阳北,119.67154599999999,32.014545
汤原,129.924957,46.747137
南丹,107.557901,24.976223
二营,106.23620600000001,36.194817
淮安东,119.173244,33.55007
云南驿,101.0773554,25.2965262
利川,108.94096599999999,30.278396
勉县,106.69233700000001,33.156009000000005
凤凰城,109.60211699999999,27.950339000000003
邢台东,114.59331999999999,37.09195
平凉南,106.82711599999999,35.483528
石柱县,108.09755700000001,29.965215
宣和,104.00725600000001,37.114429
蔡家坡,107.597801,34.321194
建瓯,118.294452,27.023697
太阳沟,124.324554,51.326405
西湖东,116.186398,28.486009000000003
朗乡,128.878448,46.958977000000004
新友谊,131.81528500000002,46.766557
嘎什甸子,121.364098,43.317299
黄泥河,128.01736499999998,43.555443
嵩明,103.137774,25.239848000000002
广安,106.896619,30.493584999999996
蒙自,103.43105899999999,23.373892
巩义南,112.916478,34.670834
小扬气,124.28743,50.795128000000005
苍坪,107.76668500000001,32.01059
葛店南,115.01973000000001,33.75613
永丰营,103.07656899999999,24.996434
苏家屯,123.35427299999999,41.662529
六道河子,117.315979,40.395947
安陆西,113.653021,31.251395000000002
武陟,113.451806,35.088840000000005
福安,119.71728300000001,26.834119
邵家堂,103.874062,36.180576
昂昂溪,123.81504299999999,47.162056
雅鲁,122.144058,48.549965
长农,103.417709,36.139140999999995
鄢陵,114.13183124999999,34.157357250000004
云梦东,113.90638,30.920797999999998
北屯,87.759823,47.324107
双城堡,126.293329,45.396622
长汀南,116.357518,25.766284
明安,109.80928,40.855488
霍州,111.71959,36.585965
千阳,107.115778,34.635194
东辛庄,120.45328500000001,40.360703
三水北,112.91851100000001,23.184427
新安庄,113.187918,40.559027
广南县,105.05498100000001,24.045941
乌兰察布,113.15946699999999,40.965045
枣庄,117.306308,34.780789
睢宁,117.9613,33.905
海口东,110.34322900000001,19.983504
奉化,121.46452,29.628515000000004
柳毛,130.789627,45.242405
黄陵南,109.386777,35.583141
双河镇,126.2783775,44.5884895
峡江,115.336293,27.598461999999998
龙沟,102.907341,37.324139
东胜东,110.105524,39.754387
小儿坪,104.265068,28.497988
兴安岭,121.7013055,48.8017065
项城,114.87630899999999,33.4699425
滥坝,105.03436299999998,26.540531
安平,115.503161,38.230696
草河口,123.871811,40.8576525
新安,112.15486299999999,34.718443
镇雄,105.98617049999999,27.422718500000002
龙川,115.23741499999998,24.112051
谭家井,103.592331,37.590553
小新街,103.224533,25.308163
茨坝,118.270531,37.26825
哈尔滨东,126.713297,45.786458
新和,82.618619,41.574465999999994
襄阳,112.154983,32.05772
茂名西,110.847924,21.680726999999997
嘉峪关,98.25349399999999,39.764654
东城南,116.442292,39.885556
四平东,124.438004,43.138578
万州,108.400324,30.755179
汝箕沟,96.641998,40.565804
闽清北,118.877074,26.28701
春亭阁,124.4925,49.791031
砀山,116.33017199999999,34.416823
广元,105.821945,32.450632
五通,110.09108,25.373981
小榆树,125.01009499999999,44.122858
四会,112.75480900000001,23.270229
河源,114.68376200000002,23.759185000000002
汕尾,115.429243,22.810788
罗山,114.532125,32.178602000000005
廊坊北,116.70595700000001,39.512856
凯里南,107.889824,26.515165000000003
南翔北,121.30925800000001,31.281559
天津南,117.060794,39.056736
莒南,118.847394,35.183294000000004
宁安,129.462538,44.359919
七龙星,106.438301,29.230965
凤台南,116.5952470625,32.6685985
邹平,117.748402,36.85621
皮山,78.285004,37.565352000000004
克一河,122.49391899999999,50.651684
大营镇,115.735428,37.318314
弥勒,103.410303,24.335546
天门,113.31678600000001,30.8653
建湖,119.60396700000001,33.5155305
齐河,116.758149,36.786876
柴沟堡,114.41610700000001,40.671211
双洋,117.367622,25.609041
榆次,112.73118400000001,37.697375
大战场,105.53383600000001,37.431305
八面城,124.061554,43.209435
佛山,113.10389199999999,23.047819
凌源,119.38218799999999,41.235914
新会,113.070889,22.517619
旌德,118.529048,30.291845000000002
北安,126.51126299999999,48.235824
昆玉,109.7145,19.797966
十堰东,110.77058899999999,32.608461
黑山北,122.11925900000001,41.68738
汉口,114.25546999999999,30.617849
安化,111.099254,28.03531
喀喇其,122.056274,50.701626
大旺,106.84800700000001,23.223082
铜仁,109.20421599999999,27.740710999999997
观音机场,107.448631,30.675123
呼鲁斯太,103.342575,37.642456
大埔,116.57721699999999,24.409469
孤山,113.33097099999999,40.226002
普湾,121.81281299999999,39.330093
根河,121.509579,50.776889000000004
上板城南,118.054024,40.831238
夏官营,104.179672,35.953014
绿化,98.25138100000001,39.801552
沃皮,125.531654,44.229256
霸州西,116.35054,39.094075
翠峰,111.805847,36.813541
四合永,117.82788799999999,41.801361
曲江,102.770493,23.88725
三河县,117.092323,39.972767
查干特格,112.243576,43.377235
涿州东,116.052776,39.460163
娄山关南,120.39196799999999,36.212971
凤凰机场,109.33541600000001,18.520327
崖州,109.33541600000001,18.520326999999998
即墨北,120.39395,36.404183
西小召,108.359528,40.863377
桐子林,101.855438,26.709884999999996
孔滩,104.678772,29.138906
贵定北,107.232445,26.593207
利津南,118.174701,37.407299
板塘,112.97228999999999,27.859684
临邑,116.844558,37.312959
那曲,91.99103199999999,31.442997
高密北,119.78522199999999,36.514998999999996
抚宁,118.95770166666667,39.85924433333333
扎兰屯,122.743959,48.017027
蒲城东,109.60888500000001,34.988801
塘豹,109.62222299999999,26.206986999999998
李子沟,103.926849,27.060669
陇县,106.85068999999999,34.870915999999994
白城,122.862845,45.617083
滦县,118.70586100000001,39.758115000000004
峨眉,103.522148,29.59137
赛汗塔拉,112.666435,42.749805
开封,114.35372,34.770976
南朗,113.534233,22.489304
商南,110.901379,33.526694
敖力布告,123.02388799999999,44.243645
赵光,126.73200200000001,48.06258
沈家,121.636604,29.941713
沙沱,104.450165,25.726267
万安县,114.78618200000001,26.458253999999997
迤那,103.888687,27.080810999999997
平度西,119.96666100000002,36.798875
刘家河,123.98679399999999,40.671791
西固城,103.596942,36.108309999999996
灵宝西,110.68901100000001,34.576640000000005
梁平,107.817572,30.715033000000002
宜城,112.183647,31.630244
嵯岗,118.10025800000001,49.256519
无锡新区,120.39262099999999,31.497639000000003
桐梓,106.83168500000001,28.130398
阿勒泰,88.090796,47.718624
集安,126.204853,41.136103000000006
淄博北,118.02644199999999,36.896409000000006
郯城,118.376129,34.602447999999995
扶沟南,114.38538799999999,33.996731
溧阳,119.50247900000001,31.385871
汕头,116.755357,23.372121
扶余,126.025149,44.987061
招柏,114.408951,39.4049
太原,112.587469,37.860262
长汀镇,114.56109599999999,28.454973
蓝村,120.18391399999999,36.395317
延安,109.481078,36.557077
屏边,103.637449,23.014039999999998
胶州,119.99958899999999,36.297701
治安,121.509323,43.350487
眉山东,103.82383,30.066216999999998
广德,119.409405,30.911876
新肇,124.41338300000001,45.710766
二道沟门,117.19106500000001,40.908893
古源,124.316208,50.933417999999996
小南海,106.46245675,29.39147375
绩溪北,118.57161200000002,30.071143
柳家庄,122.121994,41.502705
曲靖,103.791922,25.526097
云山,105.79438799999998,34.759388
江都,119.57856299999999,32.458643
三门峡,111.23328500000001,34.760633
蒲坝,102.306519,27.225607
隆昌,105.281104,29.355314
全州南,111.04026200000001,25.953374
缙云西,120.055877,28.677338
来宾北,109.241473,23.753485
绥化,127.015749,46.644657
偏店,111.660172,37.102905
黄柏,126.341232,41.337578
长宁,104.91911999999999,28.577081
红花园,106.85069299999999,28.065125
新津南,103.856436,30.348726
盘州,108.35363000000001,34.419342
一面坡北,128.075821,45.064014
常熟,120.74599099999999,31.652928999999997
乌鲁布铁,124.37440500000001,49.888962
大竹园,108.782745,32.618810999999994
鲁番,104.528008,25.614721
深圳东,114.120074,22.601685999999997
东湾,104.745552,36.651337
西麻山,130.47965,45.213435
笔架山,131.00341799999998,46.787457
乐山,103.774,29.53325
老羊壕,109.84097299999999,41.394047
满洲里,117.452928,49.584837
梅州西,116.040714,24.253555
平田,104.506126,25.8354
东镇,111.31262199999999,35.427555
军粮城北,118.29901316666667,37.49203216666667
从江,109.11464,25.909584
龙江,123.178901,47.329698
东边井,127.11219799999999,47.411083000000005
松山湖北,114.074042,29.4281022
宝鸡南,107.231854,34.334711999999996
新平坝,115.613299,37.649426
东兴,107.97138000000001,21.546235
太原南,112.609959,37.791069
三江,109.609799,25.77515
芜湖,118.3928,31.348314000000002
张百湾,117.481804,40.999103999999996
临城,114.570907,37.533932
太和东,115.82088300000001,33.33698
大丰,120.45586399999999,33.219403
苇河西,123.619616,41.995637499999994
武夷山北,118.04531499999999,27.777479
简阳南,104.518631,30.353268
忻州,112.746673,38.419944
建始,109.728324,30.567821000000002
蛟河西,127.344501,43.723713000000004
南部,106.057988,31.347382
藤县,110.914849,23.374984
弋阳,117.445175,28.4109
三江县,109.57291299999999,25.834363
太湖,116.30041499999999,30.459690999999996
南河川,105.77282,34.629131
兴义,104.98686399999998,25.166054000000003
云东海,118.768377,34.516899
双辽,123.518386,43.493466
吉文,123.20976999999999,50.589146
桥西,98.1448555,39.7121085
珠海北,113.55136200000001,22.401288
阳江,111.96203600000001,21.881528
赤壁,113.930618,29.721628000000003
玉山,118.236038,28.659871999999996
衡山西,112.789786,27.247449
阆中,106.00504699999999,31.558357
三家寨,104.692162,26.116654999999998
蕉溪,108.55606100000001,27.075558
滨海北,119.826306,34.003452
西大庙,117.97802,41.050594
安庆西,116.819124,30.762448
潍坊,119.098899,36.697379999999995
晏城,116.758156,36.803515999999995
石家庄东,114.630125,38.049764
驻马店,114.042923,32.978234
耒阳西,112.78855800000001,26.414002000000004
洋县西,107.523576,33.226709
加南,107.940926,24.191147
尚志,127.961808,45.208943
二道沙河,109.94342950000001,40.634245
小池口,116.011673,29.760437
新李,106.59398700000001,35.607788
小岭,127.321899,45.334164
兰陵北,118.012359,34.895767
哈业胡同,109.448929,40.624924
甘旗卡,122.355888,42.958878000000006
长沙,113.01338600000001,28.194122999999998
富海,124.86470800000001,47.866817
二龙,119.265823,41.798828
梧州南,111.221699,23.393803
红砂岘,104.06397199999999,36.607929
东升,129.330246,47.119862
石人城,126.896248,46.299351
安多,91.666927,32.249715
大理,100.24948499999999,25.589414
枫林,111.324242,27.705183
兴宁,115.728449,24.101692
重庆西,106.437376,29.501148999999998
大方南,105.568022,27.117519
邵武,117.48091799999999,27.350222
一步滩,104.671143,28.901863
美岱召,110.744736,40.584957
万州北,108.367153,30.862846
永康,120.02068999999999,28.909067999999998
白芨沟,106.141205,39.119083
瑞昌西,115.635691,29.658921000000003
北流,110.34143700000001,22.695352
宁波,121.536596,29.862679999999997
仙林,118.912727,32.122917
格尔木,94.90707900000001,36.38295
阿房宫,108.82820900000002,34.269119
刚察,100.09971800000001,37.244458
土门子,102.956886,36.290279
抚州,116.352397,27.919431
双水镇,108.62386299999999,31.167288
沈阳,123.398075,41.793034999999996
临汾,111.53680800000001,36.087326000000004
林海,124.35746,51.578934000000004
隆化,117.750747,41.328332
对青山,126.33895849999999,45.926313
大官屯,123.870773,41.856903
小东,122.329315,42.032146000000004
合肥南,117.29028799999999,31.798983000000003
西里,112.07710300000001,43.554489000000004
陇南,104.95980300000001,33.374394
金山屯,129.423015,47.423255
五女山,125.335396,41.282299
沙湾县,85.608549,44.322035
汤旺河,129.571108,48.454651
免渡河,121.059853,49.093464000000004
龙井,129.430821,42.77928
敬梓场,104.66391800000001,28.979258
通远堡,123.926903,40.787189
高密,119.769415,36.393217
蛟河,127.350825,43.725743
桃映,108.997276,27.838078999999997
通州西,121.075127,32.077256
阳曲,112.68225,38.058069
铜鼓溪,104.268791,28.4064715
平旺,113.218567,40.06921
启东,121.65841,31.811590999999996
东营南,118.54951499999999,37.356784000000005
大方,105.602208,27.142958
溧水,119.095633,31.679657000000002
郭尔奔敖包,112.473625,43.059589
茂舍祖,103.424133,24.863279000000002
松树,122.097939,39.82608
渭南西,109.443494,34.478259
阿图什,76.22240500000001,39.720217
常平南,113.1200615,27.31750299285714
八方山,113.46342083333332,32.765837833333336
肇庆东,112.66294099999999,23.214189
醴陵东,113.57786899999999,27.715284000000004
南仇,118.25423400000001,36.747513
福州南,119.39053600000001,25.985382
东安东,111.336744,26.377986
宁陵县,115.31369,34.460232
大兴,116.34139499999999,39.726929
富县东,109.39871799999999,36.020943
库都尔,121.630379,50.026634
范家屯,125.075851,43.712952
西乡,107.761326,32.994482
龙池,103.303673,29.431099
菇园,126.250946,41.810474
贺胜桥东,114.34363050000002,30.171291666666672
遂平,114.035367,33.144289
白水江,106.1166695,33.550286
千岛湖,119.044151,29.601978000000003
广汉北,104.275407,31.008938
乐都,102.433782,36.477082
民权北,115.180599,34.660505
榆社,112.969545,37.05191
德仁,124.935577,42.940636
秦家庄,111.652542,38.804955
淄博,118.05763999999999,36.788868
福州,119.32026,26.114079999999998
明港东,114.06586499999999,32.487701
凤城东,124.13410900000001,40.464653999999996
费县北,117.977325,35.265961
南江,106.874103,32.429949
塔尔气,121.193192,47.986828
永康南,120.023797,28.850777
长春西,125.201237,43.876746000000004
拉哈,124.629997,48.205532
兴隆店,123.02708200000001,41.9497245
鄂州,114.866652,30.361597999999997
九江,116.006932,29.703944
云居寺,115.808647,39.624534999999995
敖汉,120.15319099999999,42.644505
坪石,113.05421399999999,25.284185
泉州,118.567696,24.9732
宁城,119.34973,41.69095299999999
潮州,116.58455,23.638509
老营,126.360611,41.886253
西乌旗,117.563585,44.624522999999996
南城,116.616474,27.563603999999998
泾川,107.366146,35.348186
樟树东,115.59791200000001,27.963579
蓟州,118.01632192857143,40.025241928571425
麓谷,113.61050197222221,33.51193430555555
亚河,130.43231200000002,45.397293
容桂,113.30978400000001,22.751858
古家沱,106.212868,29.222396999999997
秀山,109.015724,28.444894
德伯斯,121.36483799999999,46.493187
五龙背东,123.948769,47.340771000000004
长潭沟,116.15664699999999,24.64995
热水,103.149185,24.166782
石林,103.328779,24.862667000000002
宋,125.63170600000001,46.222881
开平南,112.700382,22.38025
穆棱,130.360129,44.612934
吉水西,115.430114,27.82448575
大安北,124.237794,45.516533
营盘水,104.314125,37.445209999999996
东光,116.531319,37.892461
